{"current_id": "-A2F2tpqJyg", "current_transcript": "Little People Disney Princess Get ready to party and celebrate in a play and go castle Twirl on the dance floor and zoom down the slide Time for tea with Belle Spin and frost a cupcake and pour a cuppa with Mrs Potts Roll into enchanting sea adventures with Ariel's light up sea carriage Create magical journeys on the go with your favourite Disney Princess", "collected_cues": {"domesticity_nurturing": {"cues": ["tea", "cupcake", "pour a cuppa"]}, "fashion_beauty": {"cues": ["twirl", "slide", "tea", "cupcake", "sea"]}, "nature_animals": {"cues": []}, "love_tenderness": {"cues": ["party", "tea", "cupcake", "sea", "Princess"]}, "magic_fantasy": {"cues": ["play and go castle", "enchanting sea adventures", "magical journeys"]}, "action_adventure": {"cues": ["zoom down the slide", "sea adventures", "light up sea carriage"]}, "fight_combat": {"cues": []}, "speed_racing": {"cues": []}, "horror_monsters": {"cues": []}, "arts_crafts": {"cues": ["frost a cupcake"]}}, "exclude_from_vector_store": ["placeholder"], "target_class": "Girls/women"}