{"current_id": "-i3LkthIoW4", "current_transcript": "Hey guys, it's Wengie! Instead of buying accessories and makeup separately, now you can get them all in a single box designed and created by Who's That Girl Cosmetics. These are 21 items in the box, so there are tons of ways to customize your look. You can create your own look with Who's That Girl Beauty Box and Cosmetic Kits, each set for $1.", "collected_cues": {"domesticity_nurturing": {"cues": []}, "fashion_beauty": {"cues": ["accessories", "makeup", "beauty box", "cosmetic kits"]}, "nature_animals": {"cues": []}, "love_tenderness": {"cues": []}, "magic_fantasy": {"cues": []}, "action_adventure": {"cues": []}, "fight_combat": {"cues": []}, "speed_racing": {"cues": []}, "horror_monsters": {"cues": []}, "arts_crafts": {"cues": ["create", "look"]}}, "exclude_from_vector_store": ["placeholder"]}