{"current_id": "-OZAHgUlu6o", "current_transcript": "What would a doll's dream house look like? What about bright furniture? And a comfy lounge? A beautiful kitchen to invite friends around? A luxurious bathroom? And a garden to play in? That sounds just like...", "collected_cues": {"domesticity_nurturing": {"cues": ["bright furniture", "comfy lounge", "beautiful kitchen", "luxurious bathroom", "garden to play in"]}, "fashion_beauty": {"cues": []}, "nature_animals": {"cues": []}, "love_tenderness": {"cues": []}, "magic_fantasy": {"cues": ["dream", "bright", "comfy", "luxurious", "garden"]}, "action_adventure": {"cues": []}, "fight_combat": {"cues": []}, "speed_racing": {"cues": []}, "horror_monsters": {"cues": []}, "arts_crafts": {"cues": []}}, "exclude_from_vector_store": ["placeholder"]}