{"current_id": "0a_IMmosoIs", "current_transcript": "New Burp the Baby from Tomy! You better watch out! If I cry, you'll have to burp me! So pass me on quickly! Because each time I cry, I need a burping! But sometimes... You get a soaking! I'm lucky daddy, right in the face! Burp the Baby from Tomy!", "collected_cues": {"domesticity_nurturing": {"cues": ["cry", "burp", "daddy"]}, "fashion_beauty": {"cues": []}, "nature_animals": {"cues": []}, "love_tenderness": {"cues": []}, "magic_fantasy": {"cues": []}, "action_adventure": {"cues": ["You better watch out!", "If I cry, you'll have to burp me!", "So pass me on quickly!"]}, "fight_combat": {"cues": []}, "speed_racing": {"cues": []}, "horror_monsters": {"cues": []}, "arts_crafts": {"cues": []}}, "exclude_from_vector_store": ["placeholder"], "target_class": "Girls/women"}