{"current_id": "0e2IvWJljOA", "current_transcript": "Bluey's going on a caravan adventure! Ooh, let's set up here! There's a kitchen, picnic set and bones! Who's your friend, Bluey? This is Jean-Luc! Bonjour! OK, who's hungry? Let's catch a wild pig! There's one! Let's toast marshmallows! Camping is fun, but it's time for bed Stop bugging me Time to pack up On to our next adventure Louise Caravan Adventures", "collected_cues": {"domesticity_nurturing": {"cues": ["kitchen", "bones", "bed"]}, "fashion_beauty": {"cues": []}, "nature_animals": {"cues": ["caravan", "bones", "pig", "catch a wild pig", "marshmallows"]}, "love_tenderness": {"cues": []}, "magic_fantasy": {"cues": []}, "action_adventure": {"cues": ["adventure", "catch a wild pig", "let's toast marshmallows"]}, "fight_combat": {"cues": []}, "speed_racing": {"cues": []}, "horror_monsters": {"cues": []}, "arts_crafts": {"cues": []}}, "exclude_from_vector_store": ["placeholder"]}