{"current_id": "1jMcXMrCOqM", "current_transcript": "Discover the fantastic Miraculous feature figures! Shoot Ladybug skywards with her amazing yo-yo! Stick it and watch her go! Spin Cat Noir to show his cataclysm claws! And launch Flying Ladybug high to the sound of Miraculous!", "collected_cues": {"domesticity_nurturing": {"cues": []}, "fashion_beauty": {"cues": []}, "nature_animals": {"cues": []}, "love_tenderness": {"cues": []}, "magic_fantasy": {"cues": ["fantastic", "skywards", "amazing yo-yo", "stick it", "watch her go", "spin Cat Noir", "cataclysm claws", "launch Flying Ladybug"]}, "action_adventure": {"cues": ["shoot", "stick", "spin", "launch"]}, "fight_combat": {"cues": ["shoot", "claws"]}, "speed_racing": {"cues": []}, "horror_monsters": {"cues": []}, "arts_crafts": {"cues": []}}, "exclude_from_vector_store": ["placeholder"], "target_class": "Mixed"}