{"current_id": "1nPCe7nJzV0", "current_transcript": "Discover a magical world full of love and light with Luma Loves, adorably cute pets that light up with a kiss. They are play friends by day and sleep pals by night. They show their love with sweet words and sounds. When it's time to go to bed, kiss them goodnight to turn on their Luma Light and you'll both sleep just right.", "collected_cues": {"domesticity_nurturing": {"cues": ["kiss", "sleep", "goodnight"]}, "fashion_beauty": {"cues": []}, "nature_animals": {"cues": ["pets", "adorably cute", "light up with a kiss"]}, "love_tenderness": {"cues": ["adorably cute", "kiss", "sweet words and sounds"]}, "magic_fantasy": {"cues": ["magical", "light", "kiss"]}, "action_adventure": {"cues": []}, "fight_combat": {"cues": []}, "speed_racing": {"cues": []}, "horror_monsters": {"cues": []}, "arts_crafts": {"cues": []}}, "exclude_from_vector_store": ["placeholder"]}