{"current_id": "1UutHUtkNAY", "current_transcript": "Wow, it's a new aqua doodle. Mum fills up the pen. Then we doodle away. It's magic. Look at the neon colours. There's different accessories to make fun pictures. When the water dries, we start again. Mum says it's method.", "collected_cues": {"domesticity_nurturing": {"cues": ["Mum", "fills up the pen", "doodle away", "start again"]}, "fashion_beauty": {"cues": []}, "nature_animals": {"cues": []}, "love_tenderness": {"cues": []}, "magic_fantasy": {"cues": ["magic", "neon colours"]}, "action_adventure": {"cues": []}, "fight_combat": {"cues": []}, "speed_racing": {"cues": []}, "horror_monsters": {"cues": []}, "arts_crafts": {"cues": ["doodle", "pen", "accessories", "pictures", "water"]}}, "exclude_from_vector_store": ["placeholder"]}