{"current_id": "1vjXHEF9Ukw", "current_transcript": "FEN SAVES THE WORLD WITH THE POWER OF THE DELUXE OMNITRICS! Pick any one of the 10 aliens to unlock their DNA! Time for a heat blast! And harness their power with motion-activated sounds! But act fast and don't time out, or you'll need to choose again! Forearmed and ready for battle! You're going down! Yeah! FEN 10 DELUXE OMNITRICS WITH MOTION ACTIVATION AND SOUND!", "collected_cues": {"domesticity_nurturing": {"cues": []}, "fashion_beauty": {"cues": []}, "nature_animals": {"cues": []}, "love_tenderness": {"cues": []}, "magic_fantasy": {"cues": []}, "action_adventure": {"cues": ["FEN SAVES THE WORLD", "heat blast", "motion-activated sounds", "Forearmed and ready for battle", "You're going down!"]}, "fight_combat": {"cues": ["heat blast", "battle", "You're going down!"]}, "speed_racing": {"cues": ["heat blast", "motion-activated sounds"]}, "horror_monsters": {"cues": []}, "arts_crafts": {"cues": []}}, "exclude_from_vector_store": ["placeholder"], "target_class": "Boys/men"}