{"current_id": "1Vn7f1emIxo", "current_transcript": "Next is Roam mode, represented by the color yellow. Here you can place Mip on a flat surface and let him navigate his surroundings autonomously. If Mip sees something in his path, he will turn and roll to a different direction.", "collected_cues": {"domesticity_nurturing": {"cues": []}, "fashion_beauty": {"cues": []}, "nature_animals": {"cues": []}, "love_tenderness": {"cues": []}, "magic_fantasy": {"cues": []}, "action_adventure": {"cues": []}, "fight_combat": {"cues": []}, "speed_racing": {"cues": []}, "horror_monsters": {"cues": []}, "arts_crafts": {"cues": []}}, "exclude_from_vector_store": ["placeholder"], "target_class": "Mixed"}