{"current_id": "2h7cw6ufLTs", "current_transcript": "BIRTHDAY! Splash Splash Pub! It's puppy's bath time! Silly suds, so much fun! Splash Splash Splash! Squeeze out the bubbles! Shake Shake Shake! Super cute cuddles! Splash Splash Pub! Soak up all the bubbles!", "collected_cues": {"domesticity_nurturing": {"cues": ["puppy's bath time", "silly suds", "super cute cuddles"]}, "fashion_beauty": {"cues": []}, "nature_animals": {"cues": ["puppy", "bath time", "cuddles"]}, "love_tenderness": {"cues": ["puppy's bath time", "Super cute cuddles"]}, "magic_fantasy": {"cues": []}, "action_adventure": {"cues": []}, "fight_combat": {"cues": []}, "speed_racing": {"cues": []}, "horror_monsters": {"cues": []}, "arts_crafts": {"cues": []}}, "exclude_from_vector_store": ["placeholder"], "target_class": "Girls/women"}