{"current_id": "2T8V-KqQ2Y8", "current_transcript": "This is the Sewage Quiet Alert! It's the Teenage Mutant Ninja Turtles! On patrol! And in the Turtle Tank! With Donnie's lap for secret ops and covert missions! The Foot, Meat Sweats, and Baron Draxum are attacking the city! And the turtles are swooping in! Like a boss! Fire one! Roasted pig! Now to the Shell Hobs! Where you can combine and conquer! Cowabunga! New turtle tanks, shell hog cycles, and figures each season!", "collected_cues": {"domesticity_nurturing": {"cues": []}, "fashion_beauty": {"cues": []}, "nature_animals": {"cues": ["turtle"]}, "love_tenderness": {"cues": []}, "magic_fantasy": {"cues": []}, "action_adventure": {"cues": ["patrol", "secret ops", "covert missions", "attacking the city", "swooping in", "Fire one", "combine and conquer"]}, "fight_combat": {"cues": ["attack", "Fire one!"]}, "speed_racing": {"cues": []}, "horror_monsters": {"cues": ["Foot", "Meat Sweats", "Baron Draxum"]}, "arts_crafts": {"cues": []}}, "exclude_from_vector_store": ["placeholder"], "target_class": "Boys/men"}