{"current_id": "332XAypDkt4", "current_transcript": "Fun, fun, Funlocket's secret journal do you wanna explore? Start to unlock with the heart key, open the doors and find the mysteries! Open your Funlocket's secret journals! Dial it your way and keep all your secrets locked away! Funlocket!", "collected_cues": {"domesticity_nurturing": {"cues": []}, "fashion_beauty": {"cues": []}, "nature_animals": {"cues": []}, "love_tenderness": {"cues": ["heart", "secrets"]}, "magic_fantasy": {"cues": ["unlock", "secrets", "mysteries"]}, "action_adventure": {"cues": ["explore", "unlock", "open the doors", "find the mysteries"]}, "fight_combat": {"cues": []}, "speed_racing": {"cues": []}, "horror_monsters": {"cues": []}, "arts_crafts": {"cues": []}}, "exclude_from_vector_store": ["placeholder"], "target_class": "Girls/women"}