{"current_id": "38DaHi69miM", "current_transcript": "Kindi Kids! Yay! Let's go shopping! Let's go shopping at the Kindi Fun supermarket! Yay! Weigh your groceries, hit the checkout, and shop till you drop! So much fun! Kindi Kids, each sold separately. Yay! Let's go!", "collected_cues": {"domesticity_nurturing": {"cues": []}, "fashion_beauty": {"cues": []}, "nature_animals": {"cues": []}, "love_tenderness": {"cues": []}, "magic_fantasy": {"cues": []}, "action_adventure": {"cues": []}, "fight_combat": {"cues": []}, "speed_racing": {"cues": []}, "horror_monsters": {"cues": []}, "arts_crafts": {"cues": []}}, "exclude_from_vector_store": ["placeholder"], "target_class": "Girls/women"}