{"current_id": "39CgvMS7X0o", "current_transcript": "Kids around the world! It's slime time! Crazy gooey fun! It's slime time! Mix and make a run! It's slime time! Make your own slime! Mix and make ooey gooey crazy cool slime! Super slimy, neon and glow! Scented galactic glitter! And more! Make your own slime with crazy slimy creations!", "collected_cues": {"domesticity_nurturing": {"cues": []}, "fashion_beauty": {"cues": ["glitter"]}, "nature_animals": {"cues": []}, "love_tenderness": {"cues": []}, "magic_fantasy": {"cues": []}, "action_adventure": {"cues": ["Mix and make a run!", "Make your own slime! Mix and make ooey gooey crazy cool slime!"]}, "fight_combat": {"cues": []}, "speed_racing": {"cues": []}, "horror_monsters": {"cues": []}, "arts_crafts": {"cues": ["make your own slime", "mix and make", "ooey gooey", "crazy cool slime", "super slimy", "neon and glow", "scented galactic glitter", "crazy slimy creations"]}}, "exclude_from_vector_store": ["placeholder"], "target_class": "Mixed"}