{"current_id": "3ersNO_YKvI", "current_transcript": "The Power 2. Yes! Redefine the way you play. You started without me. Here you go. And bring Roblox to life. Let's go check out over there. Like never before. Redeem exclusive virtual items. Mix and match your favorite characters.", "collected_cues": {"domesticity_nurturing": {"cues": []}, "fashion_beauty": {"cues": []}, "nature_animals": {"cues": []}, "love_tenderness": {"cues": []}, "magic_fantasy": {"cues": []}, "action_adventure": {"cues": []}, "fight_combat": {"cues": []}, "speed_racing": {"cues": []}, "horror_monsters": {"cues": []}, "arts_crafts": {"cues": []}}, "exclude_from_vector_store": ["placeholder"], "target_class": "Mixed"}