{"current_id": "3gbU2bbOTzI", "current_transcript": "Nintendo Switch, the brand new home console that you can play anywhere. Share the Joy-Con controllers for two-player races anytime in tabletop mode. Or you can enjoy Mario Kart Mayhem with up to seven other people in local multiplayer, wherever you like. Mario Kart 8 Deluxe, only on Nintendo Switch.", "collected_cues": {"domesticity_nurturing": {"cues": []}, "fashion_beauty": {"cues": []}, "nature_animals": {"cues": []}, "love_tenderness": {"cues": []}, "magic_fantasy": {"cues": []}, "action_adventure": {"cues": ["races", "multiplayer", "Mayhem"]}, "fight_combat": {"cues": []}, "speed_racing": {"cues": ["two-player races", "races", "Mario Kart Mayhem", "local multiplayer"]}, "horror_monsters": {"cues": []}, "arts_crafts": {"cues": []}}, "exclude_from_vector_store": ["placeholder"]}