{"current_id": "3RKNe61rXMM", "current_transcript": "ColorSplashers Introducing ColorSplashers Ice Station! With the ColorSplashers Ice Station, you can ice, snap, and tumble for a surprise design you create! The color's permanent until you dip and ice again. And the Ice Station comes with an ice pen, letting you create detailed designs.", "collected_cues": {"domesticity_nurturing": {"cues": []}, "fashion_beauty": {"cues": ["ice", "design"]}, "nature_animals": {"cues": []}, "love_tenderness": {"cues": []}, "magic_fantasy": {"cues": []}, "action_adventure": {"cues": []}, "fight_combat": {"cues": []}, "speed_racing": {"cues": []}, "horror_monsters": {"cues": []}, "arts_crafts": {"cues": ["ice", "snap", "tumble", "create", "design", "ice pen"]}}, "exclude_from_vector_store": ["placeholder"]}