{"current_id": "3WhocmrDERw", "current_transcript": "This is the Instax Mini 9. It's super cute and delivers even cuter snaps in seconds. The Mini 9 is super smart. It figures out the best lighting for your photo so you don't have to. Great for flawless selfies and portraits. It's super flattering.", "collected_cues": {"domesticity_nurturing": {"cues": []}, "fashion_beauty": {"cues": ["cute", "flawless", "flattering"]}, "nature_animals": {"cues": []}, "love_tenderness": {"cues": ["super cute", "cuter", "super flattering"]}, "magic_fantasy": {"cues": []}, "action_adventure": {"cues": []}, "fight_combat": {"cues": []}, "speed_racing": {"cues": []}, "horror_monsters": {"cues": []}, "arts_crafts": {"cues": []}}, "exclude_from_vector_store": ["placeholder"]}