{"current_id": "4x-2idBOU_0", "current_transcript": "From Disney Pixar's Incredibles 2, it takes strength, teamwork, and flexibility! It's showtime! It takes the Power Couple! Mr. Incredible's super strength launches Elastigirl into action! A little higher! You can launch Elastigirl! Great job, honey! Incredibles 2 Power Couple! Elastigirl and Mr. Incredible with over 45 sounds and phrases.", "collected_cues": {"domesticity_nurturing": {"cues": []}, "fashion_beauty": {"cues": []}, "nature_animals": {"cues": []}, "love_tenderness": {"cues": []}, "magic_fantasy": {"cues": []}, "action_adventure": {"cues": ["action", "launches", "super strength"]}, "fight_combat": {"cues": []}, "speed_racing": {"cues": []}, "horror_monsters": {"cues": []}, "arts_crafts": {"cues": []}}, "exclude_from_vector_store": ["placeholder"]}