{"current_id": "5AfIWBL76bc", "current_transcript": "Introducing the Nerf N-Strike Mega Roto Fury Blaster from Hasbro. Experience the power of Mega with the highest capacity Mega Blaster ever. Load up to 10 Nerf Mega Whistler darts into the rotating drum, fire one dart at a time, or slam fire 10 in a row up to 90 feet away. away. The Nerf N-Strike Mega Roto Fury Blaster is for ages 8 and up and includes 10 Mega Whistler darts.", "collected_cues": {"domesticity_nurturing": {"cues": []}, "fashion_beauty": {"cues": []}, "nature_animals": {"cues": []}, "love_tenderness": {"cues": []}, "magic_fantasy": {"cues": []}, "action_adventure": {"cues": ["slam fire", "90 feet away"]}, "fight_combat": {"cues": ["Blaster", "Fire", "Darts"]}, "speed_racing": {"cues": ["slam fire", "90 feet away"]}, "horror_monsters": {"cues": []}, "arts_crafts": {"cues": []}}, "exclude_from_vector_store": ["placeholder"], "target_class": "Boys/men"}