{"current_id": "5oTt7XuGqlg", "current_transcript": "Get ready for a back attack! Stretch Armstrong's March Enemy! The original VACMAN is back! Stretch VACMAN! Back him! Stretch and crack him! Pose him! Stretch VACMAN! He's indestructible! Stretch VACMAN! Release the valve, he returns to normal! Will this be the end of Stretch Armstrong? Stretch VACMAN! Stretch VACMAN! From Character!", "collected_cues": {"domesticity_nurturing": {"cues": []}, "fashion_beauty": {"cues": []}, "nature_animals": {"cues": []}, "love_tenderness": {"cues": []}, "magic_fantasy": {"cues": []}, "action_adventure": {"cues": ["back attack", "Stretch VACMAN", "Stretch and crack him", "Pose him", "Stretch VACMAN", "He's indestructible", "Stretch VACMAN", "Release the valve, he returns to normal"]}, "fight_combat": {"cues": ["back attack", "indestructible"]}, "speed_racing": {"cues": []}, "horror_monsters": {"cues": []}, "arts_crafts": {"cues": []}}, "exclude_from_vector_store": ["placeholder"], "target_class": "Boys/men"}