{"current_id": "6DBDoKDgF3k", "current_transcript": "Introducing Minecraft Legends! Unite the creatures of the overworld to stop the piglin horde! Legends are written every day. Some tell of peace and some tell of danger. Do you have what it takes to defeat the Devourer? And will you be victorious? Minecraft Legends Devourer and others.", "collected_cues": {"domesticity_nurturing": {"cues": []}, "fashion_beauty": {"cues": []}, "nature_animals": {"cues": []}, "love_tenderness": {"cues": []}, "magic_fantasy": {"cues": []}, "action_adventure": {"cues": ["Unite", "stop", "piglin horde", "defeat", "Devourer", "victorious"]}, "fight_combat": {"cues": ["Unite", "stop", "piglin horde", "defeat", "Devourer"]}, "speed_racing": {"cues": []}, "horror_monsters": {"cues": ["piglin horde", "Devourer"]}, "arts_crafts": {"cues": []}}, "exclude_from_vector_store": ["placeholder"], "target_class": "Boys/men"}