{"current_id": "6exJfF-pesw", "current_transcript": "Boxy Girls! Are you ready to unbox with Boxy Girls? There's no stopping the unboxing! Shoes, bags, makeup, clothes! Each Boxy Girl comes with four luxury shipping boxes that you get to open with her! There's no stopping the unboxing! Boxy Girls! From Cari-", "collected_cues": {"domesticity_nurturing": {"cues": []}, "fashion_beauty": {"cues": ["shoes", "bags", "makeup", "clothes"]}, "nature_animals": {"cues": []}, "love_tenderness": {"cues": []}, "magic_fantasy": {"cues": []}, "action_adventure": {"cues": []}, "fight_combat": {"cues": []}, "speed_racing": {"cues": []}, "horror_monsters": {"cues": []}, "arts_crafts": {"cues": []}}, "exclude_from_vector_store": ["placeholder"], "target_class": "Girls/women"}