{"current_id": "6hbQ04Q-rug", "current_transcript": "I've had my amulet since the first day I became a princess. It's given me some amazing powers and sent me help when I needed it most. Brand new fairy tale adventures this magical March in Sophia the First. I can be anything I can see. Anything you can teach. Anything I can reach. Anything... With a special princess guest. Rapunzel!", "collected_cues": {"domesticity_nurturing": {"cues": []}, "fashion_beauty": {"cues": []}, "nature_animals": {"cues": []}, "love_tenderness": {"cues": []}, "magic_fantasy": {"cues": ["amulet", "powers", "fairy tale", "magical", "Sophia the First", "Rapunzel"]}, "action_adventure": {"cues": ["amazing powers", "sent me help when I needed it most", "fairy tale adventures"]}, "fight_combat": {"cues": []}, "speed_racing": {"cues": []}, "horror_monsters": {"cues": []}, "arts_crafts": {"cues": []}}, "exclude_from_vector_store": ["placeholder"], "target_class": "Girls/women"}