{"current_id": "6ieCztMPSi4", "current_transcript": "Welcome to the wonderful world of Mouse in the House. It's time for school at the Red Apple Schoolhouse. Build your own magical world of Mouseville up against the skirting board. There's loads of cool features, cute bunting, and stickers. Then when the lights go out, Mouseville glows in the dark. Million Friends Mouse in the House.", "collected_cues": {"domesticity_nurturing": {"cues": []}, "fashion_beauty": {"cues": []}, "nature_animals": {"cues": []}, "love_tenderness": {"cues": []}, "magic_fantasy": {"cues": ["magical", "Mouseville"]}, "action_adventure": {"cues": []}, "fight_combat": {"cues": []}, "speed_racing": {"cues": []}, "horror_monsters": {"cues": []}, "arts_crafts": {"cues": ["build", "stickers", "bunting"]}}, "exclude_from_vector_store": ["placeholder"]}