{"current_id": "6zK2H8jT_0M", "current_transcript": "Super Wing Super Charge! The World Aircraft playset has landed! It's coming off! Join Jet on his next mission! Take the lift, release the runway and get ready for takeoff! It's my turn! Mission complete! Super Wing's World Aircraft, available now!", "collected_cues": {"domesticity_nurturing": {"cues": []}, "fashion_beauty": {"cues": []}, "nature_animals": {"cues": []}, "love_tenderness": {"cues": []}, "magic_fantasy": {"cues": []}, "action_adventure": {"cues": ["mission", "takeoff"]}, "fight_combat": {"cues": []}, "speed_racing": {"cues": ["runway", "takeoff"]}, "horror_monsters": {"cues": []}, "arts_crafts": {"cues": []}}, "exclude_from_vector_store": ["placeholder"]}