{"current_id": "7DTPRD3Pwrg", "current_transcript": "Hot Wheels, make it epic with Criss Cross Crash! Grab your fastest Hot Wheels and load them onto the track. Criss Cross Crash! Reach insane speeds for epic crashes. Criss Cross, Criss Cross Crash! Whoa, that was close. The winner is the one who doesn't get smashed. Criss Cross Crash, set with one car. Adults assemble, batteries not included. Other cars each sold separately.", "collected_cues": {"domesticity_nurturing": {"cues": []}, "fashion_beauty": {"cues": []}, "nature_animals": {"cues": []}, "love_tenderness": {"cues": []}, "magic_fantasy": {"cues": []}, "action_adventure": {"cues": ["Criss Cross Crash", "Reach insane speeds", "epic crashes", "Whoa, that was close", "The winner is the one who doesn't get smashed"]}, "fight_combat": {"cues": ["crashes", "epic", "smashed"]}, "speed_racing": {"cues": ["Hot Wheels", "track", "insane speeds", "epic crashes", "Criss Cross Crash"]}, "horror_monsters": {"cues": []}, "arts_crafts": {"cues": []}}, "exclude_from_vector_store": ["placeholder"]}