{"current_id": "7vVUZcav4sA", "current_transcript": "From the Lion Guard, join Kion and be the hero as he defeats Scar in the action-packed Rise of Scar playset. Watch Scar's eyes light up as his head rises above the flames. Help Bunga escape the vine cave trap. And watch out, Ushari attacks. Kion avoids the monkey battering ram, collapsing log bridge, and launches the lava boulder to activate explosive sounds. Be Kion and protect the Pride Lands in your own wild adventure. The Lion Guard Rise of Scar playset includes light sounds and a Kion finisher.", "collected_cues": {"domesticity_nurturing": {"cues": []}, "fashion_beauty": {"cues": []}, "nature_animals": {"cues": ["lion", "Pride Lands", "monkey"]}, "love_tenderness": {"cues": []}, "magic_fantasy": {"cues": ["Scar's eyes light up", "head rises above the flames", "explosive sounds"]}, "action_adventure": {"cues": ["action-packed", "defeats", "watch out", "attacks", "avoids", "launches", "explosive sounds", "wild adventure"]}, "fight_combat": {"cues": ["Scar", "defeats", "attacks", "battering ram", "log bridge", "lava boulder"]}, "speed_racing": {"cues": []}, "horror_monsters": {"cues": ["Scar", "flames", "Ushari", "monkey battering ram", "collapsing log bridge", "lava boulder", "explosive sounds"]}, "arts_crafts": {"cues": []}}, "exclude_from_vector_store": ["placeholder"]}