{"current_id": "7Xa7bU4p7cY", "current_transcript": "Peppa Pig's Deluxe Playhouse Welcome to Peppa Pig's Deluxe Playhouse. Mummy Pig is making dinner in the kitchen. Dinner time! Everyone round the table. But where's George? He's in the bath! Cuddle up in front of the TV before it's time to say goodnight.", "collected_cues": {"domesticity_nurturing": {"cues": ["Mummy Pig", "dinner", "bath", "cuddle"]}, "fashion_beauty": {"cues": []}, "nature_animals": {"cues": []}, "love_tenderness": {"cues": ["cuddle", "bath"]}, "magic_fantasy": {"cues": []}, "action_adventure": {"cues": []}, "fight_combat": {"cues": []}, "speed_racing": {"cues": []}, "horror_monsters": {"cues": []}, "arts_crafts": {"cues": []}}, "exclude_from_vector_store": ["placeholder"]}