{"current_id": "7xG_RYuzjBo", "current_transcript": "Our solar system formed over four and a half billion years ago. Now you can explore the wonders of space in your bedroom with My Very Own Solar System. Use the remote control to see eight detailed planets orbiting a glowing sun. My Very Own Solar System, another amazing toy from Brainstorm Toys.", "collected_cues": {"domesticity_nurturing": {"cues": []}, "fashion_beauty": {"cues": []}, "nature_animals": {"cues": []}, "love_tenderness": {"cues": []}, "magic_fantasy": {"cues": []}, "action_adventure": {"cues": []}, "fight_combat": {"cues": []}, "speed_racing": {"cues": []}, "horror_monsters": {"cues": []}, "arts_crafts": {"cues": []}}, "exclude_from_vector_store": ["placeholder"]}