{"current_id": "8Ha-aP2L1ug", "current_transcript": "Go further with your training with the Electronic Martial Arts Training Stand. With light of targets, an electronic scoreboard and a timer, you can develop your aim and build your martial arts and boxing skills.", "collected_cues": {"domesticity_nurturing": {"cues": []}, "fashion_beauty": {"cues": []}, "nature_animals": {"cues": []}, "love_tenderness": {"cues": []}, "magic_fantasy": {"cues": []}, "action_adventure": {"cues": ["martial arts", "boxing", "aim", "targets", "timer", "scoreboard"]}, "fight_combat": {"cues": ["Martial Arts", "boxing", "targets", "scoreboard", "timer"]}, "speed_racing": {"cues": []}, "horror_monsters": {"cues": []}, "arts_crafts": {"cues": []}}, "exclude_from_vector_store": ["placeholder"]}