{"current_id": "8lCMGe9H5mM", "current_transcript": "What is that fur fluff? What is that? It's a surprise pet! Toss it! Tickle it! From fluff to surprise puppies! From fluff to kitty poo! Dance party? What the what? Fur fluff! Someone was hungry! Fur fluff totally responds to you! Over a hundred sounds and reactions! Fur fluffuff! Someone was hungry. Fur Fluff totally responds to you. Over a hundred sounds and reactions. Fur Fluff! Better not eat. Fur Fluff!", "collected_cues": {"domesticity_nurturing": {"cues": []}, "fashion_beauty": {"cues": []}, "nature_animals": {"cues": ["surprise pet", "puppies", "kitty poo", "fur fluff", "hungry"]}, "love_tenderness": {"cues": ["fur fluff", "responds to you", "hungry"]}, "magic_fantasy": {"cues": []}, "action_adventure": {"cues": []}, "fight_combat": {"cues": []}, "speed_racing": {"cues": []}, "horror_monsters": {"cues": []}, "arts_crafts": {"cues": []}}, "exclude_from_vector_store": ["placeholder"], "target_class": "Girls/women"}