{"current_id": "8XM564zcHfw", "current_transcript": "When the arguments start, and they always do, I train my cat to jump on the board and add to the chaos. Then I swipe a couple hundreds from the bank. I let him scrap the couch with a thank you. Sure, everybody lands on chance, but I never actually read a chance card. I just advanced to go, take $200, and put the card back in the middle of the pile. My secret? I bought three extra copies of Monopoly and I create my own personal ATM for whenever I run low on cash. I just shove it up my sleeve and then slip it out when I run low. Works every time.", "collected_cues": {"domesticity_nurturing": {"cues": []}, "fashion_beauty": {"cues": []}, "nature_animals": {"cues": ["cat"]}, "love_tenderness": {"cues": []}, "magic_fantasy": {"cues": []}, "action_adventure": {"cues": []}, "fight_combat": {"cues": []}, "speed_racing": {"cues": []}, "horror_monsters": {"cues": []}, "arts_crafts": {"cues": []}}, "exclude_from_vector_store": ["placeholder"]}