{"current_id": "92wGKQBawg0", "current_transcript": "Sylvanian Families Where is the treasure by the beach? There's so much excitement on this ship. Let's all play together!", "collected_cues": {"domesticity_nurturing": {"cues": []}, "fashion_beauty": {"cues": []}, "nature_animals": {"cues": ["Sylvanian", "beach", "ship"]}, "love_tenderness": {"cues": []}, "magic_fantasy": {"cues": []}, "action_adventure": {"cues": ["excitement", "ship"]}, "fight_combat": {"cues": []}, "speed_racing": {"cues": []}, "horror_monsters": {"cues": []}, "arts_crafts": {"cues": []}}, "exclude_from_vector_store": ["placeholder"], "target_class": "Mixed"}