{"current_id": "9C0f5syYqK4", "current_transcript": "All engines go! Here comes Thomas around the launch and loop maintenance yard. Crank the lever and loop-de-loop! Woo! Around the bends again and again. You can connect to build your world of Sodor. Thomas and Friends launch and loop maintenance yard.", "collected_cues": {"domesticity_nurturing": {"cues": []}, "fashion_beauty": {"cues": []}, "nature_animals": {"cues": []}, "love_tenderness": {"cues": []}, "magic_fantasy": {"cues": []}, "action_adventure": {"cues": ["launch", "loop-de-loop", "bends", "again"]}, "fight_combat": {"cues": []}, "speed_racing": {"cues": ["All engines go!", "loop-de-loop", "Around the bends again and again"]}, "horror_monsters": {"cues": []}, "arts_crafts": {"cues": []}}, "exclude_from_vector_store": ["placeholder"], "target_class": "Boys/men"}