{"current_id": "9Gkgz_m0VWI", "current_transcript": "Monster High New! Skulltimate Secrets Neon Frights! Can you creep the secrets? Meet Draculaura! Ghoulia Yelt! With color reveal keys, unlock neon fashions! And ghoulish glows! Meet Tmorelai! And Twyla! Discover Skulltimate Secrets Neon Frights!", "collected_cues": {"domesticity_nurturing": {"cues": []}, "fashion_beauty": {"cues": ["fashions", "ghoulish glows"]}, "nature_animals": {"cues": []}, "love_tenderness": {"cues": []}, "magic_fantasy": {"cues": ["secrets", "color reveal keys", "neon fashions", "ghoulish glows"]}, "action_adventure": {"cues": []}, "fight_combat": {"cues": []}, "speed_racing": {"cues": []}, "horror_monsters": {"cues": ["Skulltimate", "Secrets", "Draculaura", "Ghoulia", "Tmorelai", "Twyla", "color reveal", "neon", "fashions", "ghoulish glows"]}, "arts_crafts": {"cues": ["color", "fashions"]}}, "exclude_from_vector_store": ["placeholder"]}