{"current_id": "9i7c_uZns3o", "current_transcript": "The motorized world of Trackmaster featuring demolition at the docks! Swing, cranky and start the demolition! Wow! Oh no, it's blocking the tracks! Watch out, Thomas! He made it! Reset the warehouse and keep playing! Expand your Trackmaster world with other sets!", "collected_cues": {"domesticity_nurturing": {"cues": []}, "fashion_beauty": {"cues": []}, "nature_animals": {"cues": []}, "love_tenderness": {"cues": []}, "magic_fantasy": {"cues": []}, "action_adventure": {"cues": ["demolition", "blocking the tracks", "Watch out, Thomas! He made it!"]}, "fight_combat": {"cues": ["demolition", "blocking the tracks", "Watch out"]}, "speed_racing": {"cues": ["motorized", "tracks"]}, "horror_monsters": {"cues": []}, "arts_crafts": {"cues": []}}, "exclude_from_vector_store": ["placeholder"], "target_class": "Boys/men"}