{"current_id": "_ElX68X7h9c", "current_transcript": "From WWE Hey kid! It's the Wrecking Rampage Ring! With 11 breakaway parts! For devastating destruction! Swing into action! Catapult your way to victory! And the title is yours! It's the WWE Wrecking Rampage Ring!", "collected_cues": {"domesticity_nurturing": {"cues": []}, "fashion_beauty": {"cues": []}, "nature_animals": {"cues": []}, "love_tenderness": {"cues": []}, "magic_fantasy": {"cues": []}, "action_adventure": {"cues": ["Swing into action!", "Catapult your way to victory!"]}, "fight_combat": {"cues": ["Wrecking", "Rampage", "Swing", "Catapult", "victory"]}, "speed_racing": {"cues": []}, "horror_monsters": {"cues": []}, "arts_crafts": {"cues": []}}, "exclude_from_vector_store": ["placeholder"], "target_class": "Boys/men"}