{"current_id": "_iGXsdtcPYQ", "current_transcript": "magic 3d lights create your own light up art follow the template add a light code and it comes to life with lights and sounds make it 3d or 2d then light up your art and enjoy the show magic", "collected_cues": {"domesticity_nurturing": {"cues": []}, "fashion_beauty": {"cues": []}, "nature_animals": {"cues": []}, "love_tenderness": {"cues": []}, "magic_fantasy": {"cues": ["magic", "3d", "lights", "create your own light up art", "follow the template", "add a light code", "it comes to life with lights and sounds", "make it 3d or 2d", "light up your art", "and enjoy the show", "magic"]}, "action_adventure": {"cues": []}, "fight_combat": {"cues": []}, "speed_racing": {"cues": []}, "horror_monsters": {"cues": []}, "arts_crafts": {"cues": ["create", "art", "template", "light up", "3D", "2D"]}}, "exclude_from_vector_store": ["placeholder"], "target_class": "Mixed"}