{"current_id": "_OdX7ULrDtU", "current_transcript": "Top Trumps How to Play Any number of people can play Top Trumps. Shuffle and then deal an equal amount of cards to each player. The player to the dealer's left starts by reading out a stat from their top card. The other players then read out the same stat. The player with the best or highest value stat wins and collects the other player players cards. These are put to the bottom of their own cards. It is then the winning players turn again to choose the next stat. The person with all the cards at the end of the game wins.", "collected_cues": {"domesticity_nurturing": {"cues": []}, "fashion_beauty": {"cues": []}, "nature_animals": {"cues": []}, "love_tenderness": {"cues": []}, "magic_fantasy": {"cues": []}, "action_adventure": {"cues": []}, "fight_combat": {"cues": []}, "speed_racing": {"cues": []}, "horror_monsters": {"cues": []}, "arts_crafts": {"cues": []}}, "exclude_from_vector_store": ["placeholder"]}