{"current_id": "a2KvB09BwdE", "current_transcript": "They come out at night. They strike without war. Electronic stretch screamers. They scream when you stretch them and come back for more. Pull and stretch them any way you want. And when you squeeze their head...", "collected_cues": {"domesticity_nurturing": {"cues": []}, "fashion_beauty": {"cues": []}, "nature_animals": {"cues": []}, "love_tenderness": {"cues": []}, "magic_fantasy": {"cues": []}, "action_adventure": {"cues": []}, "fight_combat": {"cues": []}, "speed_racing": {"cues": []}, "horror_monsters": {"cues": ["come out at night", "strike without war", "scream", "stretch them"]}, "arts_crafts": {"cues": []}}, "exclude_from_vector_store": ["placeholder"]}