{"current_id": "A9VeNWujDjU", "current_transcript": "Little White Pets! My baby monkey! Right from the start, he swung into my heart. Meet Mango, my baby monkey. Look, his mouth moves when he sucks his thumb. And he giggles when I rub his little tongue. Rock baby Mango, and he ooze at you. Feed him his bottle. Wow! He even feeds himself, too. We laugh, we play, we hang out all day. Love your baby monkey, and your baby monkey will...", "collected_cues": {"domesticity_nurturing": {"cues": ["baby", "feed", "feed", "rock", "love"]}, "fashion_beauty": {"cues": []}, "nature_animals": {"cues": ["baby monkey", "Mango", "mouth", "tongue", "ooze", "bottle"]}, "love_tenderness": {"cues": ["giggles", "we laugh", "we play", "we hang out all day", "Love your baby monkey", "your baby monkey will..."]}, "magic_fantasy": {"cues": []}, "action_adventure": {"cues": []}, "fight_combat": {"cues": []}, "speed_racing": {"cues": []}, "horror_monsters": {"cues": []}, "arts_crafts": {"cues": []}}, "exclude_from_vector_store": ["placeholder"], "target_class": "Girls/women"}