{"current_id": "A_cDgpigKhQ", "current_transcript": "In the fields outside LEGO City, we're losing the harvest! Go away! Where's the new harvester? Oh no! The transporter's blocked by the snow! Build the powerful snow groomer! Clear the road and get the transporter rolling! Unload the harvester, prepare it for action, and save the crops! The new LEGO City Great Vehicles sets.", "collected_cues": {"domesticity_nurturing": {"cues": []}, "fashion_beauty": {"cues": []}, "nature_animals": {"cues": []}, "love_tenderness": {"cues": []}, "magic_fantasy": {"cues": []}, "action_adventure": {"cues": ["transporter's blocked", "clear the road", "prepare it for action", "save the crops"]}, "fight_combat": {"cues": []}, "speed_racing": {"cues": []}, "horror_monsters": {"cues": []}, "arts_crafts": {"cues": []}}, "exclude_from_vector_store": ["placeholder"]}