{"current_id": "adRXni68N_I", "current_transcript": "Engino presents the latest innovation in construction toys. Simply slide, snap, click and twist to extend. Imagine and build your very own city. Become a crane operator and manage a construction site. Enter the world of racing cars and flying machines. Add the included motor and set your models in motion. With up to 120 different models from one box, an online free app and three", "collected_cues": {"domesticity_nurturing": {"cues": []}, "fashion_beauty": {"cues": []}, "nature_animals": {"cues": []}, "love_tenderness": {"cues": []}, "magic_fantasy": {"cues": []}, "action_adventure": {"cues": ["racing cars", "flying machines", "set your models in motion"]}, "fight_combat": {"cues": []}, "speed_racing": {"cues": ["racing cars", "motor", "set your models in motion"]}, "horror_monsters": {"cues": []}, "arts_crafts": {"cues": []}}, "exclude_from_vector_store": ["placeholder"], "target_class": "Boys/men"}