{"current_id": "aEO_Hu5oSqo", "current_transcript": "Snuggle and hug. The cutest and softest Arctic friends are always cold. Meet bunny, walrus, penguin, and polar bear. They'll shiver to let you know they're cold. Give them a big warm hug and watch their cheeks light up. Each friend has unique phrases plus an adorable look. Hear up to 10 phrases and sounds as you play. Get ready for cozy cuddles with snuggle and hug.", "collected_cues": {"domesticity_nurturing": {"cues": ["Snuggle", "hug", "cold", "warm", "cozy cuddles"]}, "fashion_beauty": {"cues": []}, "nature_animals": {"cues": ["bunny", "walrus", "penguin", "polar bear"]}, "love_tenderness": {"cues": ["Snuggle", "hug", "cutest", "softest", "Arctic friends", "cold", "big warm hug", "cozy cuddles"]}, "magic_fantasy": {"cues": []}, "action_adventure": {"cues": []}, "fight_combat": {"cues": []}, "speed_racing": {"cues": []}, "horror_monsters": {"cues": []}, "arts_crafts": {"cues": []}}, "exclude_from_vector_store": ["placeholder"], "target_class": "Mixed"}