{"current_id": "ar07gp3k_mI", "current_transcript": "It's the Tutu Drivers Police Patrol Tower Starring the police car The getaway car And the new recruit Patrol the town and chase that getaway car to jail Smart void locations trigger fun phrases, songs and sound effects The Tutu Drivers Police Patrol Tower from Vita", "collected_cues": {"domesticity_nurturing": {"cues": []}, "fashion_beauty": {"cues": []}, "nature_animals": {"cues": []}, "love_tenderness": {"cues": []}, "magic_fantasy": {"cues": []}, "action_adventure": {"cues": ["Patrol", "getaway car", "chase", "jail"]}, "fight_combat": {"cues": []}, "speed_racing": {"cues": ["police car", "getaway car", "patrol", "town", "chase"]}, "horror_monsters": {"cues": []}, "arts_crafts": {"cues": []}}, "exclude_from_vector_store": ["placeholder"], "target_class": "Mixed"}