{"current_id": "ar7_j20-ps4", "current_transcript": "Hammer beads. Lots of fun. What would you like to make? A lion? A turtle? No, a horse! Or a pirate ship? Let your imagination run wild with the fantastic hammer beads. Put the beads on. Have your design ironed. You can make anything you want. See the wide range of hammer where you buy toys. Or visit our website. Hammer. The pearl of toys.", "collected_cues": {"domesticity_nurturing": {"cues": []}, "fashion_beauty": {"cues": []}, "nature_animals": {"cues": ["horse"]}, "love_tenderness": {"cues": []}, "magic_fantasy": {"cues": []}, "action_adventure": {"cues": []}, "fight_combat": {"cues": []}, "speed_racing": {"cues": []}, "horror_monsters": {"cues": []}, "arts_crafts": {"cues": ["make", "imagination", "design", "ironed"]}}, "exclude_from_vector_store": ["placeholder"], "target_class": "Mixed"}