{"current_id": "aWk7xIReURk", "current_transcript": "Fingerlings love me Fingerlings minis They're so silly They love to hang around Wee Mix! You can get that Fingerlings feeling Cause the Fingerlings you love have now gone mini! Hang em here and hang em there Fingerlings are everywhere! Hang em from your light Hang em from your locker Gonna hang on tight A mini pencil topper Fun to collect and awesome to share So many to find and some so rare You can get a whole new happy hanging feeling with Fingerlings minis! Each Fingerlings mini comes with bracelet and shoulder!", "collected_cues": {"domesticity_nurturing": {"cues": []}, "fashion_beauty": {"cues": ["hang", "bracelet", "shoulder"]}, "nature_animals": {"cues": []}, "love_tenderness": {"cues": ["love", "silly", "hang around", "hang on tight", "happy"]}, "magic_fantasy": {"cues": []}, "action_adventure": {"cues": []}, "fight_combat": {"cues": []}, "speed_racing": {"cues": []}, "horror_monsters": {"cues": []}, "arts_crafts": {"cues": []}}, "exclude_from_vector_store": ["placeholder"]}