{"current_id": "aZROle--Nq4", "current_transcript": "Enter a 3D world with 3D Maker and 3D Freestyler. With 3D Maker, your ideas come to life. Imagine it and create it. Design, develop, and 3D create. Add amazing details with the 3D Freestyler and go vertical. Create your own 3D worlds. Become a jewelry designer. Bring vehicles and dinosaurs to life. Think it, make it, and have fun. Enter a 3D world with 3D Maker and 3D Freestyler.", "collected_cues": {"domesticity_nurturing": {"cues": []}, "fashion_beauty": {"cues": ["jewelry designer"]}, "nature_animals": {"cues": []}, "love_tenderness": {"cues": []}, "magic_fantasy": {"cues": []}, "action_adventure": {"cues": []}, "fight_combat": {"cues": []}, "speed_racing": {"cues": []}, "horror_monsters": {"cues": []}, "arts_crafts": {"cues": ["create", "design", "develop", "3D create", "jewelry designer"]}}, "exclude_from_vector_store": ["placeholder"]}