{"current_id": "bi-naDDy-uI", "current_transcript": "My mini mix of Q's. Cute, cute, cute, adorable. My mini mix of Q's. Pop and swap, dress and share. Sassy, zany, bubbly, what they gonna wear? Hundreds of cute combinations. Surprises in every box. Cute, adorable, trading with some flair. Cute, cute play sets, the world's a square. Two packs, fashion packs, and play sets each sold separately.", "collected_cues": {"domesticity_nurturing": {"cues": []}, "fashion_beauty": {"cues": ["cute", "adorable", "fashion packs", "play sets", "dress", "wear", "combinations"]}, "nature_animals": {"cues": []}, "love_tenderness": {"cues": ["cute", "adorable", "adorable", "cute", "cute", "cute"]}, "magic_fantasy": {"cues": []}, "action_adventure": {"cues": []}, "fight_combat": {"cues": []}, "speed_racing": {"cues": []}, "horror_monsters": {"cues": []}, "arts_crafts": {"cues": []}}, "exclude_from_vector_store": ["placeholder"], "target_class": "Girls/women"}