{"current_id": "BTr971sj6Zc", "current_transcript": "New from LEGO Marvel Super Heroes, the evil Loki has unleashed an alien invasion. You can build a Quinjet to stop him from destroying the city. Assemble the Avengers. Fire up the engines. Blast into action. Activate your superhero powers to stop the invasion. And to protect the city. New from LEGO Marvel Super Heroes.", "collected_cues": {"domesticity_nurturing": {"cues": []}, "fashion_beauty": {"cues": []}, "nature_animals": {"cues": []}, "love_tenderness": {"cues": []}, "magic_fantasy": {"cues": []}, "action_adventure": {"cues": ["alien invasion", "stop him", "destroying the city", "Assemble the Avengers", "Fire up the engines", "Blast into action", "Activate your superhero powers"]}, "fight_combat": {"cues": ["alien invasion", "stop him", "destroying the city", "Assemble the Avengers", "Fire up the engines", "Blast into action", "Activate your superhero powers"]}, "speed_racing": {"cues": ["Quinjet", "Fire up the engines", "Blast into action"]}, "horror_monsters": {"cues": ["alien", "Loki", "invasion"]}, "arts_crafts": {"cues": []}}, "exclude_from_vector_store": ["placeholder"], "target_class": "Boys/men"}