{"current_id": "bxMtBbyacb8", "current_transcript": "Spending the day at the salon was amazing. We felt like VIPs. And because we're all so unique, we chose a different hairstyle to suit us. Portia went for a princess plait. Amya rocked some new colors. And I had fun styling my own hair. Even though we like our hair different, one thing we do have in common is how much we love our generation.", "collected_cues": {"domesticity_nurturing": {"cues": []}, "fashion_beauty": {"cues": ["hairstyle", "princess plait", "new colors", "styling"]}, "nature_animals": {"cues": []}, "love_tenderness": {"cues": ["love", "generation"]}, "magic_fantasy": {"cues": []}, "action_adventure": {"cues": []}, "fight_combat": {"cues": []}, "speed_racing": {"cues": []}, "horror_monsters": {"cues": []}, "arts_crafts": {"cues": ["chose a different hairstyle", "rocked some new colors", "styling my own hair"]}}, "exclude_from_vector_store": ["placeholder"]}