{"current_id": "c9asgMyyUpQ", "current_transcript": "Bluey! Hey Bingo, check it out! It's pool time! My turn! Uh oh! A daddy shark! Don't worry, I'll save you! Blue pool time playset and figurines, each sold separately. So relaxing!", "collected_cues": {"domesticity_nurturing": {"cues": []}, "fashion_beauty": {"cues": []}, "nature_animals": {"cues": ["daddy shark"]}, "love_tenderness": {"cues": ["save you", "relaxing"]}, "magic_fantasy": {"cues": []}, "action_adventure": {"cues": ["Uh oh!", "A daddy shark!", "Don't worry, I'll save you!"]}, "fight_combat": {"cues": []}, "speed_racing": {"cues": []}, "horror_monsters": {"cues": []}, "arts_crafts": {"cues": []}}, "exclude_from_vector_store": ["placeholder"]}