{"current_id": "cNU-RGYdqyE", "current_transcript": "Monster Jam Freestyle Force Gravedigger! You can recreate real Monster Jam action! Wheelies! Nose wheelies! This revolutionary wheelie balancing RC lets you pull off wheelie stunts! Awesome! Stunt like real Gravedigger! You can pull off freestyle stunts with the push of a button! Take the action to the next level with over 12 Monster Jam stunts. Monster Jam Freestyle Force Gravedigger RC. Batteries not included. Additional trucks sold separately.", "collected_cues": {"domesticity_nurturing": {"cues": []}, "fashion_beauty": {"cues": []}, "nature_animals": {"cues": []}, "love_tenderness": {"cues": []}, "magic_fantasy": {"cues": []}, "action_adventure": {"cues": ["Wheelies!", "Nose wheelies!", "wheelie stunts", "freestyle stunts", "push of a button", "over 12 Monster Jam stunts"]}, "fight_combat": {"cues": ["wheelies", "nose wheelies", "freestyle stunts", "stunt"]}, "speed_racing": {"cues": ["wheelies", "nose wheelies", "wheelie balancing RC", "freestyle stunts", "stunts"]}, "horror_monsters": {"cues": ["Gravedigger"]}, "arts_crafts": {"cues": []}}, "exclude_from_vector_store": ["placeholder"], "target_class": "Boys/men"}