{"current_id": "cZUIzK752Z4", "current_transcript": "Unleash your creativity with these build and store construction tables. With storage compartments, drawers, a stool and a large desk area. It's the perfect solution for building and storing. Build and Store Construction Tables", "collected_cues": {"domesticity_nurturing": {"cues": []}, "fashion_beauty": {"cues": []}, "nature_animals": {"cues": []}, "love_tenderness": {"cues": []}, "magic_fantasy": {"cues": []}, "action_adventure": {"cues": []}, "fight_combat": {"cues": []}, "speed_racing": {"cues": []}, "horror_monsters": {"cues": []}, "arts_crafts": {"cues": ["creativity", "building"]}}, "exclude_from_vector_store": ["placeholder"], "target_class": "Mixed"}