{"current_id": "d-q3PFwPwmY", "current_transcript": "Lucy can sing and dance in different styles. Ballet. Lucy, Salsa. Rock and roll. Lucy, greet the audience.", "collected_cues": {"domesticity_nurturing": {"cues": []}, "fashion_beauty": {"cues": []}, "nature_animals": {"cues": []}, "love_tenderness": {"cues": []}, "magic_fantasy": {"cues": []}, "action_adventure": {"cues": []}, "fight_combat": {"cues": []}, "speed_racing": {"cues": []}, "horror_monsters": {"cues": []}, "arts_crafts": {"cues": ["sing", "dance"]}}, "exclude_from_vector_store": ["placeholder"], "target_class": "Mixed"}