{"current_id": "d7_8QL7i6qs", "current_transcript": "Explore deep into the jungle with Thomas' Jungle Quest! Come on Thomas! Search for long lost jewels, if you dare! Oh no, the gorilla has the jewels! Hurry Thomas! Look out for the gorilla! Let's get back to Sodor!", "collected_cues": {"domesticity_nurturing": {"cues": []}, "fashion_beauty": {"cues": []}, "nature_animals": {"cues": ["jungle", "gorilla"]}, "love_tenderness": {"cues": []}, "magic_fantasy": {"cues": []}, "action_adventure": {"cues": ["Explore", "Search", "Dare", "Oh no", "Hurry", "Look out"]}, "fight_combat": {"cues": ["Look out for the gorilla", "Search for long lost jewels, if you dare"]}, "speed_racing": {"cues": []}, "horror_monsters": {"cues": ["gorilla", "jewels", "dare", "hurry", "look out"]}, "arts_crafts": {"cues": []}}, "exclude_from_vector_store": ["placeholder"]}