{"current_id": "d9gBNEOtGbI", "current_transcript": "Mikao! Get ready to build a monster truck! Connect! Build! Pull back! And go! Awesome action! Real working suspension! Epic monster jams done! Build something amazing! Mikao Jr. Monster Jam Gravedigger!", "collected_cues": {"domesticity_nurturing": {"cues": []}, "fashion_beauty": {"cues": []}, "nature_animals": {"cues": []}, "love_tenderness": {"cues": []}, "magic_fantasy": {"cues": []}, "action_adventure": {"cues": ["action", "build", "pull back", "go", "Real working suspension", "Epic monster jams"]}, "fight_combat": {"cues": []}, "speed_racing": {"cues": ["pull back!", "go!"]}, "horror_monsters": {"cues": ["monster", "build", "pull back", "go"]}, "arts_crafts": {"cues": []}}, "exclude_from_vector_store": ["placeholder"], "target_class": "Boys/men"}