{"current_id": "DggxdZ9Eqb4", "current_transcript": "The Shopkins are going on a fashion spree. Shopkins, Shopkins. The ballet collection is totally on point. Dressed to impress? I think yes. Step out in style with a new pair of shoes. Or treat yourself to makeovers.", "collected_cues": {"domesticity_nurturing": {"cues": []}, "fashion_beauty": {"cues": ["fashion spree", "ballet collection", "Dressed to impress?", "Step out in style", "new pair of shoes", "makeovers"]}, "nature_animals": {"cues": []}, "love_tenderness": {"cues": []}, "magic_fantasy": {"cues": []}, "action_adventure": {"cues": []}, "fight_combat": {"cues": []}, "speed_racing": {"cues": []}, "horror_monsters": {"cues": []}, "arts_crafts": {"cues": ["fashion", "makeovers"]}}, "exclude_from_vector_store": ["placeholder"]}