{"current_id": "dgYiIOh6-1k", "current_transcript": "Ready to meet the Charm U crew? Here we go! You can share Charm U charms everywhere! Junotropy, Albie, Patty, Rhonda, Ginny, Fancy, Allie, Super, Salmon, Princess, Canine, Mrs. Finch, and Failing Feline, Rayleigh, Rhonda, Amber, Twinnie, Frankie, Bugs, Ginny, Ginny, Bethany, Bufco, Gulpik, Gold, Mountain Clown, Alamo We love Charm U! Charm U charms are your jingly jangle charm bangles!", "collected_cues": {"domesticity_nurturing": {"cues": []}, "fashion_beauty": {"cues": ["charm", "jingly jangle charm bangles"]}, "nature_animals": {"cues": []}, "love_tenderness": {"cues": []}, "magic_fantasy": {"cues": []}, "action_adventure": {"cues": []}, "fight_combat": {"cues": []}, "speed_racing": {"cues": []}, "horror_monsters": {"cues": []}, "arts_crafts": {"cues": []}}, "exclude_from_vector_store": ["placeholder"], "target_class": "Girls/women"}