{"current_id": "DILFaGCQlKk", "current_transcript": "Hey guys, big announcement! There's a new Ryan's World game called Ryan's Rescue Squad! Help me save the day! Yes, I broke his UFO! Out now at Smith's Toys Superstores!", "collected_cues": {"domesticity_nurturing": {"cues": []}, "fashion_beauty": {"cues": []}, "nature_animals": {"cues": []}, "love_tenderness": {"cues": []}, "magic_fantasy": {"cues": []}, "action_adventure": {"cues": ["Rescue", "save the day", "UFO"]}, "fight_combat": {"cues": []}, "speed_racing": {"cues": []}, "horror_monsters": {"cues": []}, "arts_crafts": {"cues": []}}, "exclude_from_vector_store": ["placeholder"]}