{"current_id": "dKaVxIuvJbw", "current_transcript": "From wild science comes create an underwater coral reef. Use real chemical reactions to build an artificial reef and grow instant chemical coral. Watch it growing right before your eyes. Make colorful chemical mixtures to make more coral effects and keep your finished seascapes in two spectacular display tanks. Create an underwater coral reef. And remember, there's only one wild science.", "collected_cues": {"domesticity_nurturing": {"cues": []}, "fashion_beauty": {"cues": []}, "nature_animals": {"cues": ["underwater coral reef", "chemical coral", "seascapes"]}, "love_tenderness": {"cues": []}, "magic_fantasy": {"cues": []}, "action_adventure": {"cues": []}, "fight_combat": {"cues": []}, "speed_racing": {"cues": []}, "horror_monsters": {"cues": []}, "arts_crafts": {"cues": ["create", "build", "grow", "make", "chemical mixtures"]}}, "exclude_from_vector_store": ["placeholder"]}