{"current_id": "dl8IHyg4R0g", "current_transcript": "A new dinosaur has been wreaking havoc around town today. Apparently the interactor is as terrifying a deadly as they get. Sounds like my sister will be.", "collected_cues": {"domesticity_nurturing": {"cues": []}, "fashion_beauty": {"cues": []}, "nature_animals": {"cues": []}, "love_tenderness": {"cues": []}, "magic_fantasy": {"cues": []}, "action_adventure": {"cues": ["dinosaur", "havoc", "terrifying", "deadly"]}, "fight_combat": {"cues": []}, "speed_racing": {"cues": []}, "horror_monsters": {"cues": ["dinosaur", "terrifying", "deadly"]}, "arts_crafts": {"cues": []}}, "exclude_from_vector_store": ["placeholder"]}