{"current_id": "dnBfHeljfuo", "current_transcript": "Discover the new Enchanted Mirror! Talk to me and I'll answer you! Mirror, who's the fairest one of all? You are the most beautiful girl in the world! Will I ever be a princess? You're already a beautiful little princess! Talk to your mirror!", "collected_cues": {"domesticity_nurturing": {"cues": []}, "fashion_beauty": {"cues": ["beautiful", "beautiful girl", "beautiful little princess"]}, "nature_animals": {"cues": []}, "love_tenderness": {"cues": ["You are the most beautiful girl in the world!", "You're already a beautiful little princess!"]}, "magic_fantasy": {"cues": ["Enchanted Mirror", "talk to me", "beautiful girl", "princess"]}, "action_adventure": {"cues": []}, "fight_combat": {"cues": []}, "speed_racing": {"cues": []}, "horror_monsters": {"cues": []}, "arts_crafts": {"cues": []}}, "exclude_from_vector_store": ["placeholder"], "target_class": "Girls/women"}