{"current_id": "dpJy9WWGegI", "current_transcript": "The new BabyBorn Bathtub Just add some bubble bath, switch on music and lights and pump for some bubble fun! Here it is, BabyBorn's new bubble bath with real working shower and cute duck! The new BabyBorn Bathtub and many bathing accessories from ZappFish.", "collected_cues": {"domesticity_nurturing": {"cues": ["bubble bath", "shower", "lights", "pump", "bubble fun"]}, "fashion_beauty": {"cues": ["bubble bath", "lights", "music"]}, "nature_animals": {"cues": []}, "love_tenderness": {"cues": ["cute", "bubble fun"]}, "magic_fantasy": {"cues": []}, "action_adventure": {"cues": []}, "fight_combat": {"cues": []}, "speed_racing": {"cues": []}, "horror_monsters": {"cues": []}, "arts_crafts": {"cues": []}}, "exclude_from_vector_store": ["placeholder"]}