{"current_id": "ds2cuBVS4mc", "current_transcript": "It's appointment time! I need my doctor's bag! Lamy Boo Boo is here for a check up! Let's check her heartbeat. Mmm, I think she needs an injection. Lamy's feeling much better. Now it's time for bed. Lamy Boo Boo glows to keep you company at night.", "collected_cues": {"domesticity_nurturing": {"cues": ["Lamy Boo Boo", "heartbeat", "injection", "bed"]}, "fashion_beauty": {"cues": []}, "nature_animals": {"cues": []}, "love_tenderness": {"cues": []}, "magic_fantasy": {"cues": []}, "action_adventure": {"cues": []}, "fight_combat": {"cues": []}, "speed_racing": {"cues": []}, "horror_monsters": {"cues": []}, "arts_crafts": {"cues": []}}, "exclude_from_vector_store": ["placeholder"], "target_class": "Girls/women"}