{"current_id": "DUv8dsrwoE4", "current_transcript": "Where shall we fly to today? Flying up high in the sky Now we fly right Let's fly left Yippee! Does anyone know where we're going? Flying down!", "collected_cues": {"domesticity_nurturing": {"cues": []}, "fashion_beauty": {"cues": []}, "nature_animals": {"cues": []}, "love_tenderness": {"cues": []}, "magic_fantasy": {"cues": []}, "action_adventure": {"cues": ["flying", "up", "right", "left", "Yippee", "down"]}, "fight_combat": {"cues": []}, "speed_racing": {"cues": []}, "horror_monsters": {"cues": []}, "arts_crafts": {"cues": []}}, "exclude_from_vector_store": ["placeholder"]}