{"current_id": "dv9LhV356Mw", "current_transcript": "Enchantimals Enchantimals Cozy Deer House with Danessa and her bestie Invite your friends It's a tea party Cheers Cupcakes in the kitchen Stay for a sleepover Their besties forever Home is where your best friend is", "collected_cues": {"domesticity_nurturing": {"cues": ["tea party", "cupcakes", "sleepover", "besties", "home"]}, "fashion_beauty": {"cues": []}, "nature_animals": {"cues": ["Deer", "bestie"]}, "love_tenderness": {"cues": ["bestie", "sleepover", "besties forever", "home is where your best friend is"]}, "magic_fantasy": {"cues": []}, "action_adventure": {"cues": []}, "fight_combat": {"cues": []}, "speed_racing": {"cues": []}, "horror_monsters": {"cues": []}, "arts_crafts": {"cues": []}}, "exclude_from_vector_store": ["placeholder"], "target_class": "Girls/women"}