{"current_id": "dvXL6AJh4qk", "current_transcript": "BabyBorn Interactive is a magic surprise Like the new BabyBorn Interactive car with stickers and horn sound When BabyBorn goes near it The music plays too And the engine? Sounds great Have a lovely drive BabyBorn", "collected_cues": {"domesticity_nurturing": {"cues": ["BabyBorn", "Interactive", "car", "stickers", "horn sound", "music", "engine", "drive"]}, "fashion_beauty": {"cues": []}, "nature_animals": {"cues": []}, "love_tenderness": {"cues": ["lovely"]}, "magic_fantasy": {"cues": ["magic", "surprise"]}, "action_adventure": {"cues": []}, "fight_combat": {"cues": []}, "speed_racing": {"cues": ["car", "engine", "drive"]}, "horror_monsters": {"cues": []}, "arts_crafts": {"cues": []}}, "exclude_from_vector_store": ["placeholder"]}