{"current_id": "E8plk6dOR8s", "current_transcript": "From Rubik's, the mind-bending challenge, Rubik's Cage. Grab your color and drop it, twist it, or even flip it. Use your best skills to plan your next move. Get three in a row and become the first to win. Challenge one, two, or even three friends. Find out who can master the Rubik's Cage.", "collected_cues": {"domesticity_nurturing": {"cues": []}, "fashion_beauty": {"cues": []}, "nature_animals": {"cues": []}, "love_tenderness": {"cues": []}, "magic_fantasy": {"cues": []}, "action_adventure": {"cues": ["grab", "drop", "twist", "flip", "plan your next move", "get three in a row", "challenge"]}, "fight_combat": {"cues": []}, "speed_racing": {"cues": []}, "horror_monsters": {"cues": []}, "arts_crafts": {"cues": []}}, "exclude_from_vector_store": ["placeholder"]}