{"current_id": "e9e64Tv_AzY", "current_transcript": "Shimmer and Sparkle Wow! Check out these gorgeous all-in-one beauty bags full of your favourite make-up Shimmer and Sparkle, all-in-one beauty from Character", "collected_cues": {"domesticity_nurturing": {"cues": []}, "fashion_beauty": {"cues": ["Shimmer", "Sparkle", "beauty", "make-up"]}, "nature_animals": {"cues": []}, "love_tenderness": {"cues": []}, "magic_fantasy": {"cues": []}, "action_adventure": {"cues": []}, "fight_combat": {"cues": []}, "speed_racing": {"cues": []}, "horror_monsters": {"cues": []}, "arts_crafts": {"cues": []}}, "exclude_from_vector_store": ["placeholder"], "target_class": "Girls/women"}