{"current_id": "EeCELVSwtBw", "current_transcript": "All new Attacknids, Doomrazor and Strider, the ultimate radio-controlled blasting robots. They're all-terrain, go anywhere. Choose your blaster, clip on in seconds, discs, darts or spheres. Construct, customize, compete. Blast targets up to 50 feet or grab your blaster and go head to head. Man versus machine. Three hits. Attack Nid shutdown. Now with new combat lights and sounds. Aim for the Exploda armor and watch it blast off. Towering at 12 inches tall, the Attack Nids are a force that cannot be beaten.", "collected_cues": {"domesticity_nurturing": {"cues": []}, "fashion_beauty": {"cues": []}, "nature_animals": {"cues": []}, "love_tenderness": {"cues": []}, "magic_fantasy": {"cues": []}, "action_adventure": {"cues": ["blasting", "all-terrain", "head to head", "man versus machine", "combat lights and sounds", "Exploda armor"]}, "fight_combat": {"cues": ["blaster", "blast", "attack", "shutdown", "combat lights", "sounds", "Exploda armor"]}, "speed_racing": {"cues": []}, "horror_monsters": {"cues": []}, "arts_crafts": {"cues": []}}, "exclude_from_vector_store": ["placeholder"], "target_class": "Boys/men"}