{"current_id": "eFg2qvz5rxc", "current_transcript": "Avengers Infinity War Titan Power FX figures have arrived! Iron Man locked and loaded. Attach the power pack to compatible Titan figures and bring your favorite Avengers to life! Suffer my wrath. If it's got the pack, it's got the power! Hulk smash! New Titan Power FX figures!", "collected_cues": {"domesticity_nurturing": {"cues": []}, "fashion_beauty": {"cues": []}, "nature_animals": {"cues": []}, "love_tenderness": {"cues": []}, "magic_fantasy": {"cues": []}, "action_adventure": {"cues": ["Avengers", "Iron Man", "Hulk", "power", "smash"]}, "fight_combat": {"cues": ["Iron Man locked and loaded", "Suffer my wrath", "Hulk smash"]}, "speed_racing": {"cues": []}, "horror_monsters": {"cues": []}, "arts_crafts": {"cues": []}}, "exclude_from_vector_store": ["placeholder"], "target_class": "Boys/men"}