{"current_id": "eoFhhiHAHws", "current_transcript": "Smashers! The Series 2 Smashers are being served! Come and get it! Smash opened the new eyeball to find the grossest Smashers hiding inside! Smash it! Cause you never know what you'll find! Who ordered the slime surprise? Can you find the ultra rare ooze dudes in slime? Gross! All aboard the sludge bus! Pack up your Smashers and ooze it up in the toilet! Gross bus driver! There's a whole new world of gross Smashers that you can collect! Smashers!", "collected_cues": {"domesticity_nurturing": {"cues": []}, "fashion_beauty": {"cues": []}, "nature_animals": {"cues": []}, "love_tenderness": {"cues": []}, "magic_fantasy": {"cues": []}, "action_adventure": {"cues": ["Smash", "Smash it!", "Find", "Slime surprise", "Ooze dudes", "Sludge bus", "Pack up your Smashers", "Ooze it up", "Gross bus driver"]}, "fight_combat": {"cues": ["Smash", "Smashers", "Smash it", "Ooze dudes", "Slime surprise", "Sludge bus", "Pack up your Smashers", "Ooze it up"]}, "speed_racing": {"cues": []}, "horror_monsters": {"cues": ["gross", "slime", "ooze", "sludge", "toilet", "eyeball"]}, "arts_crafts": {"cues": []}}, "exclude_from_vector_store": ["placeholder"]}