{"current_id": "Eqq6LkPmQrc", "current_transcript": "Prepare to clash with the Jurassic World Captives Mega Egg! Featuring pop and lock dinosaurs, stretchy lava slime, pull-back dino cars, plus more! Out now! Visit captives.com!", "collected_cues": {"domesticity_nurturing": {"cues": []}, "fashion_beauty": {"cues": []}, "nature_animals": {"cues": []}, "love_tenderness": {"cues": []}, "magic_fantasy": {"cues": []}, "action_adventure": {"cues": ["clash", "dinos", "slime", "cars"]}, "fight_combat": {"cues": []}, "speed_racing": {"cues": ["pull-back dino cars"]}, "horror_monsters": {"cues": []}, "arts_crafts": {"cues": []}}, "exclude_from_vector_store": ["placeholder"], "target_class": "Boys/men"}