{"current_id": "fbYR2U-4QAg", "current_transcript": "It's all better with All Better Bear Ouch! My head hurts! Take good care, time to heal Make the boo-boo disappear I feel a lot better, yum! It's all better, boo-boo's gone Ooh, another ouchie! Play on and on! You take such good care of me Yeah! Cause it's all better with All Better Bear", "collected_cues": {"domesticity_nurturing": {"cues": ["take good care", "make the boo-boo disappear", "you take such good care of me"]}, "fashion_beauty": {"cues": []}, "nature_animals": {"cues": []}, "love_tenderness": {"cues": ["take good care", "you take such good care of me"]}, "magic_fantasy": {"cues": []}, "action_adventure": {"cues": []}, "fight_combat": {"cues": []}, "speed_racing": {"cues": []}, "horror_monsters": {"cues": []}, "arts_crafts": {"cues": []}}, "exclude_from_vector_store": ["placeholder"], "target_class": "Girls/women"}