{"current_id": "FqM22SlBzu0", "current_transcript": "The action of Hot Wheels meets Mario Kart on the Rainbow Road Raceway! Watch that curve, Yoshi! Look out, Toad! Dash through the items! On your way to victory! Hot Wheels Mario Kart Rainbow Road Raceway comes with two karts. Other karts sold separately.", "collected_cues": {"domesticity_nurturing": {"cues": []}, "fashion_beauty": {"cues": []}, "nature_animals": {"cues": []}, "love_tenderness": {"cues": []}, "magic_fantasy": {"cues": []}, "action_adventure": {"cues": ["action", "dash", "items", "victory"]}, "fight_combat": {"cues": []}, "speed_racing": {"cues": ["Rainbow Road Raceway", "Dash", "Hot Wheels", "Mario Kart"]}, "horror_monsters": {"cues": []}, "arts_crafts": {"cues": []}}, "exclude_from_vector_store": ["placeholder"], "target_class": "Boys/men"}