{"current_id": "frgGqgZPv7g", "current_transcript": "Once upon a time, there was a catalogue full of pages jam-packed with toys and games for kids of all ages. The catalogues took off and flew right through the doors.", "collected_cues": {"domesticity_nurturing": {"cues": []}, "fashion_beauty": {"cues": []}, "nature_animals": {"cues": []}, "love_tenderness": {"cues": []}, "magic_fantasy": {"cues": []}, "action_adventure": {"cues": []}, "fight_combat": {"cues": []}, "speed_racing": {"cues": []}, "horror_monsters": {"cues": []}, "arts_crafts": {"cues": []}}, "exclude_from_vector_store": ["placeholder"]}