{"current_id": "ftGRHgEcEnQ", "current_transcript": "Make the coolest bath bombs ever. Mix the powders with water, fill the mold, and let dry. It smells so good. You can even add a surprise. Mix amazing colors and scents. Soap Bomb DIY. A complete DIY line from Soap Bomb.", "collected_cues": {"domesticity_nurturing": {"cues": ["bath", "mix", "smell", "surprise"]}, "fashion_beauty": {"cues": ["smells so good", "amazing colors", "scents"]}, "nature_animals": {"cues": []}, "love_tenderness": {"cues": []}, "magic_fantasy": {"cues": []}, "action_adventure": {"cues": []}, "fight_combat": {"cues": []}, "speed_racing": {"cues": []}, "horror_monsters": {"cues": []}, "arts_crafts": {"cues": ["Make", "mix", "fill", "colors", "scents", "DIY"]}}, "exclude_from_vector_store": ["placeholder"]}