{"current_id": "fuM-Xrz5qWw", "current_transcript": "new battle giant. They're bigger, fatter, tougher. This fight is huge. Power up and defend with double strike armor. That's a giant hit. Attack with double punch power. Ready, fight. Uh-oh, time to put the cat out. Push right. Who will you choose to make your team gigantic? Ready? Fight!", "collected_cues": {"domesticity_nurturing": {"cues": []}, "fashion_beauty": {"cues": []}, "nature_animals": {"cues": ["cat"]}, "love_tenderness": {"cues": []}, "magic_fantasy": {"cues": []}, "action_adventure": {"cues": ["new battle", "Power up", "defend", "double strike armor", "Attack with double punch power", "Ready, fight"]}, "fight_combat": {"cues": ["battle", "fight", "attack", "defend", "double strike armor", "double punch power", "Ready, fight"]}, "speed_racing": {"cues": []}, "horror_monsters": {"cues": []}, "arts_crafts": {"cues": []}}, "exclude_from_vector_store": ["placeholder"]}