{"current_id": "G79nSpy_jt4", "current_transcript": "Level out and get ready. Stay active. Level out balance board features seven moves and three game modes. Pick, follow the sequence, tip, yellow, tilt, and rock the board. Challenge your friends with stay active. Level out balance board. The fast and fun electronic balance game from character.", "collected_cues": {"domesticity_nurturing": {"cues": []}, "fashion_beauty": {"cues": []}, "nature_animals": {"cues": []}, "love_tenderness": {"cues": []}, "magic_fantasy": {"cues": []}, "action_adventure": {"cues": []}, "fight_combat": {"cues": []}, "speed_racing": {"cues": ["fast", "electronic balance game"]}, "horror_monsters": {"cues": []}, "arts_crafts": {"cues": []}}, "exclude_from_vector_store": ["placeholder"], "target_class": "Mixed"}