{"current_id": "gCN6CTKZcpw", "current_transcript": "Missy Kissy Talk and play with your Missy Kissy She really drinks and burps And she sings I'm growing up and doing just fine My mommy helps me when it's potty time Missy Kissy with 10 fun activities and fun activities", "collected_cues": {"domesticity_nurturing": {"cues": ["drinks", "burps", "potty time", "mommy"]}, "fashion_beauty": {"cues": []}, "nature_animals": {"cues": []}, "love_tenderness": {"cues": ["drinks", "burps", "sing", "mommy", "potty time"]}, "magic_fantasy": {"cues": []}, "action_adventure": {"cues": []}, "fight_combat": {"cues": []}, "speed_racing": {"cues": []}, "horror_monsters": {"cues": []}, "arts_crafts": {"cues": []}}, "exclude_from_vector_store": ["placeholder"], "target_class": "Girls/women"}