{"current_id": "gNZrYgrj8tU", "current_transcript": "It's dinosaurs! It's Thomas! It's the big adventure of Thomas' Roaring Dino Run! Look out Thomas, falling dinosaur bones! Take them!", "collected_cues": {"domesticity_nurturing": {"cues": []}, "fashion_beauty": {"cues": []}, "nature_animals": {"cues": ["dinosaurs", "dinosaur bones"]}, "love_tenderness": {"cues": []}, "magic_fantasy": {"cues": []}, "action_adventure": {"cues": ["dinosaurs", "adventure", "falling dinosaur bones", "Take them!"]}, "fight_combat": {"cues": []}, "speed_racing": {"cues": []}, "horror_monsters": {"cues": ["dinosaur", "falling dinosaur bones"]}, "arts_crafts": {"cues": []}}, "exclude_from_vector_store": ["placeholder"]}