{"current_id": "GodYIzCoIkg", "current_transcript": "Split Second, the Fast and Furious family quiz game. Spin the dial, then read the question. What does a cow drink? Write your answer as quick as you can, then flip to win. Who's got it right first? You said milk! It's not just what you know, it's how fast you know it. Split Second, flipping fast fun from Ideal.", "collected_cues": {"domesticity_nurturing": {"cues": []}, "fashion_beauty": {"cues": []}, "nature_animals": {"cues": []}, "love_tenderness": {"cues": []}, "magic_fantasy": {"cues": []}, "action_adventure": {"cues": ["Spin the dial", "flip to win", "fast"]}, "fight_combat": {"cues": []}, "speed_racing": {"cues": ["fast", "quick"]}, "horror_monsters": {"cues": []}, "arts_crafts": {"cues": []}}, "exclude_from_vector_store": ["placeholder"], "target_class": "Boys/men"}