{"current_id": "GTCQ94Y-P5k", "current_transcript": "Zubel's Family Day Treehouse! Zubel's Family Day Treehouse! Happy, slide down, roll around Hop and spin, do it again Zubel's Family Day Treehouse! Firelight, sleep tight Zubel family, goodnight! Zubel's Family Day Treehouse!", "collected_cues": {"domesticity_nurturing": {"cues": []}, "fashion_beauty": {"cues": []}, "nature_animals": {"cues": ["treehouse"]}, "love_tenderness": {"cues": []}, "magic_fantasy": {"cues": []}, "action_adventure": {"cues": ["slide down", "roll around", "Hop and spin", "do it again"]}, "fight_combat": {"cues": []}, "speed_racing": {"cues": []}, "horror_monsters": {"cues": []}, "arts_crafts": {"cues": []}}, "exclude_from_vector_store": ["placeholder"], "target_class": "Mixed"}