{"current_id": "gtqwHb9KfjM", "current_transcript": "Oh no! Romeo's at it again! PJ Masks are ready for a mission! Time to transform into Mobile HQ! Whoa! Come on, PJ Masks! It's time to be in... Heroes, go back! He's stealing headquarters! Super Eloy! Nobody messes with HQ! Spoiled my plan this time, PJ Masks! PJ Masks all shout hooray! I'll be back! Cause in the night we say the name! Transforming 2-in-1 Mobile HQ comes with Catboy and Catcar. Other sets and vehicles each sold separately.", "collected_cues": {"domesticity_nurturing": {"cues": []}, "fashion_beauty": {"cues": []}, "nature_animals": {"cues": []}, "love_tenderness": {"cues": []}, "magic_fantasy": {"cues": []}, "action_adventure": {"cues": ["Oh no!", "Romeo's at it again!", "PJ Masks are ready for a mission!", "Time to transform into Mobile HQ!", "Whoa!", "Come on, PJ Masks!", "It's time to be in... Heroes, go back"]}, "fight_combat": {"cues": ["Romeo", "mission", "stealing", "Super Eloy", "Nobody messes with HQ", "Spoiled my plan this time", "PJ Masks all shout hooray!"]}, "speed_racing": {"cues": ["Mobile HQ", "Catcar"]}, "horror_monsters": {"cues": []}, "arts_crafts": {"cues": []}}, "exclude_from_vector_store": ["placeholder"]}