{"current_id": "Gue4EBwDb3g", "current_transcript": "Are you fast enough to play Slap Ninja? Hi-yah! Face-off in the ultimate battle! Use his huge karate-jump slap to protect your precious coin from your sneaky opponent! First to defeat their opponent three times is the winner! You are too slow! Oh, not bad, Grasshopper! Fast, but not fast enough! You need ninja speed to win or get buzzed by the ninja zapper! Prove you are a true warrior and play Slap Ninja! Hi-yah! New Slap Ninja! Fight!", "collected_cues": {"domesticity_nurturing": {"cues": []}, "fashion_beauty": {"cues": []}, "nature_animals": {"cues": []}, "love_tenderness": {"cues": []}, "magic_fantasy": {"cues": []}, "action_adventure": {"cues": ["battle", "defeat", "karate-jump slap", "ninja speed", "ninja zapper", "true warrior", "fight"]}, "fight_combat": {"cues": ["Slap", "Ninja", "battle", "defeat", "opponent", "warrior", "Fight"]}, "speed_racing": {"cues": ["fast", "speed", "ninja speed"]}, "horror_monsters": {"cues": []}, "arts_crafts": {"cues": []}}, "exclude_from_vector_store": ["placeholder"], "target_class": "Boys/men"}