{"current_id": "h0YSgReTm84", "current_transcript": "Adventure awaits in the Thomas and Friends Cave Collapse Set! Let's go up the mine shaft and down the rickety bridge! Uh-oh, rock slide! Come on, Darcy! Yeah! Thomas and Friends Cave Collapse. Batteries not included. Some assembly required.", "collected_cues": {"domesticity_nurturing": {"cues": []}, "fashion_beauty": {"cues": []}, "nature_animals": {"cues": []}, "love_tenderness": {"cues": []}, "magic_fantasy": {"cues": []}, "action_adventure": {"cues": ["Adventure", "mine shaft", "rickety bridge", "rock slide", "Come on, Darcy! Yeah!"]}, "fight_combat": {"cues": []}, "speed_racing": {"cues": []}, "horror_monsters": {"cues": []}, "arts_crafts": {"cues": []}}, "exclude_from_vector_store": ["placeholder"], "target_class": "Mixed"}