{"current_id": "H8ZVhJZahpw", "current_transcript": "Little live pets, little frogs. Time to hop to it and dive on in with your super cute new pet friends. And to play and be patted by you. These adorable little frogs love to go everywhere with you. Time for a quick swim in the pond before chilling in the warm sun. Little live pets, little frogs. It's good to be a little frog.", "collected_cues": {"domesticity_nurturing": {"cues": []}, "fashion_beauty": {"cues": []}, "nature_animals": {"cues": ["frogs", "pet", "pond", "swim", "sun"]}, "love_tenderness": {"cues": ["cute", "play", "patted", "adorable", "love"]}, "magic_fantasy": {"cues": []}, "action_adventure": {"cues": ["hop", "dive", "play", "patted"]}, "fight_combat": {"cues": []}, "speed_racing": {"cues": []}, "horror_monsters": {"cues": []}, "arts_crafts": {"cues": []}}, "exclude_from_vector_store": ["placeholder"], "target_class": "Girls/women"}