{"current_id": "hfC5zuPY8K8", "current_transcript": "Funky Snail! Funky Snails, Funky Trails! It's the Funky Snail World! Let's slide in and slide it all! Fill the shelves with slime and look at them slide! Twelve snails to collect and an awesome slide place for snail-tastic funny races! It's the Funky Snail World! Let's slide in and slide it all!", "collected_cues": {"domesticity_nurturing": {"cues": []}, "fashion_beauty": {"cues": []}, "nature_animals": {"cues": ["snail", "snails", "slide", "slime"]}, "love_tenderness": {"cues": []}, "magic_fantasy": {"cues": []}, "action_adventure": {"cues": []}, "fight_combat": {"cues": []}, "speed_racing": {"cues": []}, "horror_monsters": {"cues": []}, "arts_crafts": {"cues": []}}, "exclude_from_vector_store": ["placeholder"]}