{"current_id": "hkEakV3vD3E", "current_transcript": "Hexbug Nanoflash are twice as fast and crazier than ever! With flexible walls and colorful pieces, you can build your own nanotopia for them to explore!", "collected_cues": {"domesticity_nurturing": {"cues": []}, "fashion_beauty": {"cues": []}, "nature_animals": {"cues": []}, "love_tenderness": {"cues": []}, "magic_fantasy": {"cues": []}, "action_adventure": {"cues": []}, "fight_combat": {"cues": []}, "speed_racing": {"cues": ["twice as fast", "crazier"]}, "horror_monsters": {"cues": []}, "arts_crafts": {"cues": []}}, "exclude_from_vector_store": ["placeholder"], "target_class": "Boys/men"}