{"current_id": "hnweWCoD408", "current_transcript": "Little Tikes light up the action with Tire Twister Lights from Little Tikes. Catch the bad guys in a police car chase with twisted remote control action. Do back flips, then flip out to chase down the bad guys. The all new Tire Twister Lights from Little Tikes comes with everything you see here.", "collected_cues": {"domesticity_nurturing": {"cues": []}, "fashion_beauty": {"cues": []}, "nature_animals": {"cues": []}, "love_tenderness": {"cues": []}, "magic_fantasy": {"cues": []}, "action_adventure": {"cues": ["police car chase", "twisted remote control action", "back flips", "flip out"]}, "fight_combat": {"cues": ["police car chase", "twisted remote control action", "flip out to chase down the bad guys"]}, "speed_racing": {"cues": ["police car chase", "remote control action"]}, "horror_monsters": {"cues": []}, "arts_crafts": {"cues": []}}, "exclude_from_vector_store": ["placeholder"]}