{"current_id": "HYqXuK8CVQw", "current_transcript": "Be you, who? Be Fab Lab! Let's start with Fab Lab Glitter Tattoos. With 28 stencils and 4 glitter colours, you can design your own amazing glitter tattoos. Now, the new Festival Face Tattoos. Create your own festival look with a huge choice of fantastic designs. Simple to apply and so easy to remove, it's the really cool way to create awesome face art. It's selfie time!", "collected_cues": {"domesticity_nurturing": {"cues": []}, "fashion_beauty": {"cues": ["glitter", "festival", "face tattoos", "selfie"]}, "nature_animals": {"cues": []}, "love_tenderness": {"cues": []}, "magic_fantasy": {"cues": []}, "action_adventure": {"cues": []}, "fight_combat": {"cues": []}, "speed_racing": {"cues": []}, "horror_monsters": {"cues": []}, "arts_crafts": {"cues": ["design", "glitter", "tattoos", "face art"]}}, "exclude_from_vector_store": ["placeholder"], "target_class": "Girls/women"}