{"current_id": "I8Ke0LoYv00", "current_transcript": "Here's Fill the Fridge! Collect your food, then off goes Fill! When he stops, match a piece of food and put it in! But be quick before he spins! Open fridge door, then collect any of your colours that fall out! Put all your food in Fill and win! Fill the Fridge! The shape-sorting fridge spinning machine!", "collected_cues": {"domesticity_nurturing": {"cues": ["fridge", "food", "collect", "put", "win"]}, "fashion_beauty": {"cues": []}, "nature_animals": {"cues": []}, "love_tenderness": {"cues": []}, "magic_fantasy": {"cues": []}, "action_adventure": {"cues": ["Collect your food", "off goes Fill!", "When he stops, match a piece of food and put it in!", "But be quick before he spins!", "Open fridge door", "collect any of your colours that fall out!", "Put all your food in Fill and win!"]}, "fight_combat": {"cues": []}, "speed_racing": {"cues": []}, "horror_monsters": {"cues": []}, "arts_crafts": {"cues": []}}, "exclude_from_vector_store": ["placeholder"], "target_class": "Mixed"}