{"current_id": "IBjLiIj4dAA", "current_transcript": "They've come from another age to stay in your home. They are the Jurassic Time Travel Aqua Dragons. Hatch your own live Jurassic pets. Add water, Aqua Dragon eggs, and in a few days, feed them and see how they grow in their prehistoric underwater world. Jurassic Time Travel Aqua Dragons.", "collected_cues": {"domesticity_nurturing": {"cues": []}, "fashion_beauty": {"cues": []}, "nature_animals": {"cues": ["hatch", "pets", "Jurassic", "water", "eggs", "grow"]}, "love_tenderness": {"cues": []}, "magic_fantasy": {"cues": ["Jurassic", "Time Travel", "Aqua Dragons"]}, "action_adventure": {"cues": []}, "fight_combat": {"cues": []}, "speed_racing": {"cues": []}, "horror_monsters": {"cues": []}, "arts_crafts": {"cues": []}}, "exclude_from_vector_store": ["placeholder"]}