{"current_id": "idGIHPS6mco", "current_transcript": "Hi, I'm celebrity fashion stylist Laura Sheffman. It doesn't get any more A-list than my newest clients, the Equestria girls. Applejack is a country girl for today. I love her rhinestones, her boots, and her fringe. So whether it's a great denim miniskirt or a fitted denim jacket, Applejack takes denim and really gives it to us in a way that's updated and cool. Each doll sold separately.", "collected_cues": {"domesticity_nurturing": {"cues": []}, "fashion_beauty": {"cues": ["rhinestones", "boots", "fringe", "denim", "miniskirt", "jacket"]}, "nature_animals": {"cues": []}, "love_tenderness": {"cues": []}, "magic_fantasy": {"cues": []}, "action_adventure": {"cues": []}, "fight_combat": {"cues": []}, "speed_racing": {"cues": []}, "horror_monsters": {"cues": []}, "arts_crafts": {"cues": []}}, "exclude_from_vector_store": ["placeholder"]}