{"current_id": "IdktmxvLVr0", "current_transcript": "Look! It's Peppa's big red car! Press the steering wheel for fun sounds! Peppa and Mummy Pig have everything they need for a picnic! When they're finished, everything stores back in the boot! What a fun day out! Peppa's big red car, from Character", "collected_cues": {"domesticity_nurturing": {"cues": ["picnic", "boot"]}, "fashion_beauty": {"cues": []}, "nature_animals": {"cues": []}, "love_tenderness": {"cues": []}, "magic_fantasy": {"cues": []}, "action_adventure": {"cues": []}, "fight_combat": {"cues": []}, "speed_racing": {"cues": ["car", "steering wheel"]}, "horror_monsters": {"cues": []}, "arts_crafts": {"cues": []}}, "exclude_from_vector_store": ["placeholder"]}