{"current_id": "iGQz_ZyTH6o", "current_transcript": "I had a beautiful dream. I knew a girl so special to me. She made me a beautiful home and loved all the creatures that live in the sea. We played together all day and loved to be with our friends. Imagine the world our way in My Mermaid, My Mermaid Lagoon. My Mermaid Lagoon. Create, play and imagine.", "collected_cues": {"domesticity_nurturing": {"cues": []}, "fashion_beauty": {"cues": []}, "nature_animals": {"cues": ["creatures that live in the sea"]}, "love_tenderness": {"cues": ["loved", "loved", "loved", "loved to be with our friends"]}, "magic_fantasy": {"cues": ["dream", "imagine", "mermaid", "My Mermaid Lagoon"]}, "action_adventure": {"cues": []}, "fight_combat": {"cues": []}, "speed_racing": {"cues": []}, "horror_monsters": {"cues": []}, "arts_crafts": {"cues": ["create", "play", "imagine"]}}, "exclude_from_vector_store": ["placeholder"]}