{"current_id": "iQ0NLG8L610", "current_transcript": "What's the pet of your dreams? Cow cow is a sweet baby koala Cow cow loves the baby bottle of the moose Cow cow wants your care and your hug", "collected_cues": {"domesticity_nurturing": {"cues": ["baby", "care", "hug"]}, "fashion_beauty": {"cues": []}, "nature_animals": {"cues": ["Cow", "koala", "moose"]}, "love_tenderness": {"cues": ["sweet", "hug"]}, "magic_fantasy": {"cues": []}, "action_adventure": {"cues": []}, "fight_combat": {"cues": []}, "speed_racing": {"cues": []}, "horror_monsters": {"cues": []}, "arts_crafts": {"cues": []}}, "exclude_from_vector_store": ["placeholder"], "target_class": "Girls/women"}