{"current_id": "ix-26n4pnV8", "current_transcript": "Shimmer and Sparkle. Design, dazzle, and shine with the light up nail and body art studio. Show them what you got. So easy to create super cool salon style fashion nails with the light up glitter dome and sparkling gems. Create trendy tattoos with awesome body art markers, stencils, and stampers. Shimmer and Sparkle Designer Nail and Tattoo Studio. From Carreta.", "collected_cues": {"domesticity_nurturing": {"cues": []}, "fashion_beauty": {"cues": ["nail", "body art", "fashion", "glitter", "sparkling gems", "salon style", "tattoos"]}, "nature_animals": {"cues": []}, "love_tenderness": {"cues": []}, "magic_fantasy": {"cues": []}, "action_adventure": {"cues": []}, "fight_combat": {"cues": []}, "speed_racing": {"cues": []}, "horror_monsters": {"cues": []}, "arts_crafts": {"cues": ["create", "tattoo", "body art", "glitter", "sparkling gems", "design", "dazzle", "shine"]}}, "exclude_from_vector_store": ["placeholder"]}