{"current_id": "Ix5WLbWva0k", "current_transcript": "It's Flatball! All the notes for the ball! Throw a disc, catch a ball! Introducing Flatball, the transforming disc ball. Just throw a disc and catch a ball. It's simple, fun, and gets you on the run. It's Flatball! And now here's Flatball Flash. Super bright LED lights light up the night. Flatball and Flatball Flash, each sold separately.", "collected_cues": {"domesticity_nurturing": {"cues": []}, "fashion_beauty": {"cues": []}, "nature_animals": {"cues": []}, "love_tenderness": {"cues": []}, "magic_fantasy": {"cues": []}, "action_adventure": {"cues": []}, "fight_combat": {"cues": []}, "speed_racing": {"cues": []}, "horror_monsters": {"cues": []}, "arts_crafts": {"cues": []}}, "exclude_from_vector_store": ["placeholder"]}