{"current_id": "j-HgpiGOAt4", "current_transcript": "Cupcake delights choose your favorite style So many sweet yummy treats that change a wonder Two different delights that change an amazing playset Find the magic with water drops They all smell delicious And every doll has a cute surprise", "collected_cues": {"domesticity_nurturing": {"cues": []}, "fashion_beauty": {"cues": ["doll", "cute"]}, "nature_animals": {"cues": []}, "love_tenderness": {"cues": ["cute", "delicious"]}, "magic_fantasy": {"cues": ["magic", "wonder", "water drops"]}, "action_adventure": {"cues": []}, "fight_combat": {"cues": []}, "speed_racing": {"cues": []}, "horror_monsters": {"cues": []}, "arts_crafts": {"cues": []}}, "exclude_from_vector_store": ["placeholder"], "target_class": "Girls/women"}