{"current_id": "j3fcAzWKdM0", "current_transcript": "GraviTrax. Experience the power of gravity. Use your imagination and build mega constructions. Watch the gravity spheres fly through the air with this interactive track system from Ravensburger. Expand your set with a range of brand new add-ons. Look out for explosive action with the new Volcano accessory.", "collected_cues": {"domesticity_nurturing": {"cues": []}, "fashion_beauty": {"cues": []}, "nature_animals": {"cues": []}, "love_tenderness": {"cues": []}, "magic_fantasy": {"cues": ["imagination", "Volcano"]}, "action_adventure": {"cues": ["explosive action", "Volcano accessory"]}, "fight_combat": {"cues": []}, "speed_racing": {"cues": []}, "horror_monsters": {"cues": []}, "arts_crafts": {"cues": ["imagination", "build", "mega constructions"]}}, "exclude_from_vector_store": ["placeholder"], "target_class": "Mixed"}