{"current_id": "J5v3tJV6KL0", "current_transcript": "Build-A-Bot is your new robot. Build-A-Bot, build it and it goes to life. Let's make some bugs. Robot bugs. We're the new Build-A-Bot bugs and we're so much fun to build. But the fun doesn't stop there. Watch us scatter all around the place. Then connect us all together to create a quirky little caterpillar. Collect the Build-A-Bot bugs and make your very own robot. Build-A-Bot, build it and it goes to life.", "collected_cues": {"domesticity_nurturing": {"cues": []}, "fashion_beauty": {"cues": []}, "nature_animals": {"cues": ["bugs", "caterpillar"]}, "love_tenderness": {"cues": []}, "magic_fantasy": {"cues": ["goes to life", "scatter", "connect", "create"]}, "action_adventure": {"cues": []}, "fight_combat": {"cues": []}, "speed_racing": {"cues": []}, "horror_monsters": {"cues": []}, "arts_crafts": {"cues": ["build", "create", "connect", "caterpillar"]}}, "exclude_from_vector_store": ["placeholder"]}