{"current_id": "JER8mtVmklk", "current_transcript": "It's Trash Dash! The trash truck with the big surprise! Play your card, throw the can, give a thumbs up! Great job! Chuck as much trash as you can! But how much trash can the trash truck chuck? Before Trash Dash upchucks all!", "collected_cues": {"domesticity_nurturing": {"cues": []}, "fashion_beauty": {"cues": []}, "nature_animals": {"cues": []}, "love_tenderness": {"cues": []}, "magic_fantasy": {"cues": []}, "action_adventure": {"cues": []}, "fight_combat": {"cues": []}, "speed_racing": {"cues": []}, "horror_monsters": {"cues": []}, "arts_crafts": {"cues": []}}, "exclude_from_vector_store": ["placeholder"]}