{"current_id": "JKMOFWTgEZc", "current_transcript": "Make the coolest bath bombs ever! Mix the powders with water, fill the mold, and let dry. It smells so good! You can even add a surprise! Mix amazing colors and scents.", "collected_cues": {"domesticity_nurturing": {"cues": ["bath", "smell", "mix", "colors", "scents"]}, "fashion_beauty": {"cues": ["smells", "colors", "scents"]}, "nature_animals": {"cues": []}, "love_tenderness": {"cues": []}, "magic_fantasy": {"cues": []}, "action_adventure": {"cues": []}, "fight_combat": {"cues": []}, "speed_racing": {"cues": []}, "horror_monsters": {"cues": []}, "arts_crafts": {"cues": ["mix", "fill", "colors", "scents"]}}, "exclude_from_vector_store": ["placeholder"], "target_class": "Mixed"}