{"current_id": "jR3nDVnT4lM", "current_transcript": "Super Thomas That's super high! Oh no! The track's missing! Hooray! It's the Oh So Extra Pets Look at them go! What a pet-perfect performance! It's WWE! Ready for a wrecking? That's gonna leave a mark over the top rope! Drew McIntyre is the champ! Roman Reigns isn't happy! Grrr! Who's your Smith's Toys Superstar?", "collected_cues": {"domesticity_nurturing": {"cues": []}, "fashion_beauty": {"cues": []}, "nature_animals": {"cues": ["pets"]}, "love_tenderness": {"cues": []}, "magic_fantasy": {"cues": []}, "action_adventure": {"cues": ["Oh no!", "Ready for a wrecking?", "That's gonna leave a mark over the top rope!"]}, "fight_combat": {"cues": ["WWE", "Ready for a wrecking?", "That's gonna leave a mark over the top rope!", "Drew McIntyre is the champ!", "Roman Reigns isn't happy!", "Grrr!"]}, "speed_racing": {"cues": []}, "horror_monsters": {"cues": []}, "arts_crafts": {"cues": []}}, "exclude_from_vector_store": ["placeholder"]}