{"current_id": "jVxhdoE2Dp4", "current_transcript": "Mighty Pups power up for a mighty rescue! Harold has our meteor! Chase Marshall go! Pups, transform the powered up vehicles for super speed! Chase Marshall launch! We saved the meteor! Yay! Paw Patrol Super Force powered up vehicle from Spin Master.", "collected_cues": {"domesticity_nurturing": {"cues": []}, "fashion_beauty": {"cues": []}, "nature_animals": {"cues": ["Pups", "meteor"]}, "love_tenderness": {"cues": []}, "magic_fantasy": {"cues": []}, "action_adventure": {"cues": ["Mighty Pups", "rescue", "transform", "super speed", "launch"]}, "fight_combat": {"cues": []}, "speed_racing": {"cues": ["powered up", "super speed", "launch"]}, "horror_monsters": {"cues": []}, "arts_crafts": {"cues": []}}, "exclude_from_vector_store": ["placeholder"]}