{"current_id": "k3hxwY-mg1k", "current_transcript": "Nextcube! Solve the cube at epic speed with Nextcube! Nextcube is the fastest, smoothest cube ever! It's everyone's favorite hyper smooth movements! With adjustable tension and super smooth turning, it's no surprise that 3 out of 4 people surveyed prefer Nextcube", "collected_cues": {"domesticity_nurturing": {"cues": []}, "fashion_beauty": {"cues": []}, "nature_animals": {"cues": []}, "love_tenderness": {"cues": []}, "magic_fantasy": {"cues": []}, "action_adventure": {"cues": []}, "fight_combat": {"cues": []}, "speed_racing": {"cues": []}, "horror_monsters": {"cues": []}, "arts_crafts": {"cues": []}}, "exclude_from_vector_store": ["placeholder"], "target_class": "Boys/men"}