{"current_id": "k6jlXchnECo", "current_transcript": "Hi, I'm celebrity fashion stylist Laura Sheffman. It doesn't get any more A-list than my newest clients, the Equestria Girls. Rainbow Dash has this cool, effortless, athletic look. Lots of jerseys, stripes, and a ton of high tops. So the end result is the perfect hybrid of athletic style and high fashion. Each doll sold separately.", "collected_cues": {"domesticity_nurturing": {"cues": []}, "fashion_beauty": {"cues": ["jerseys", "stripes", "high tops", "athletic style", "high fashion"]}, "nature_animals": {"cues": []}, "love_tenderness": {"cues": []}, "magic_fantasy": {"cues": []}, "action_adventure": {"cues": []}, "fight_combat": {"cues": []}, "speed_racing": {"cues": []}, "horror_monsters": {"cues": []}, "arts_crafts": {"cues": []}}, "exclude_from_vector_store": ["placeholder"], "target_class": "Girls/women"}