{"current_id": "KCHL9_DMuf8", "current_transcript": "Fashion, our passion, mix and match fashion LOL Surprise OMG Fashion Show Mix and match is how we dress 320 looks to impress LOL Surprise OMG Fashion Show Show your attitude, pull off a fashion move Never conform, transform If you got passion, mix and match your fashion LOL Surprise OMG Fashion Show LOL Surprise OMG Fashion Show. 320 Mix and Match. Transform. If you got passion, mix and match your fashion. LOL Surprise OMG Fashion Show. LOL Surprise OMG Fashion Show. 320 mix and match.", "collected_cues": {"domesticity_nurturing": {"cues": []}, "fashion_beauty": {"cues": ["fashion", "mix and match", "looks", "impress", "attitude", "pull off a fashion move", "Never conform", "transform", "passion"]}, "nature_animals": {"cues": []}, "love_tenderness": {"cues": []}, "magic_fantasy": {"cues": []}, "action_adventure": {"cues": []}, "fight_combat": {"cues": []}, "speed_racing": {"cues": []}, "horror_monsters": {"cues": []}, "arts_crafts": {"cues": []}}, "exclude_from_vector_store": ["placeholder"], "target_class": "Girls/women"}