{"current_id": "kJYc2FPDgnM", "current_transcript": "Create epic thrills with the Jurassic Park Track Loop playset! Drive deep into the past Beware! Roaming raptors Massive mountains Towering loops And ferocious fun!", "collected_cues": {"domesticity_nurturing": {"cues": []}, "fashion_beauty": {"cues": []}, "nature_animals": {"cues": ["raptors", "mountains"]}, "love_tenderness": {"cues": []}, "magic_fantasy": {"cues": []}, "action_adventure": {"cues": ["Drive", "Beware!", "Roaming raptors", "Massive mountains", "Towering loops", "ferocious fun"]}, "fight_combat": {"cues": []}, "speed_racing": {"cues": ["track", "drive", "raptors", "mountains", "loops"]}, "horror_monsters": {"cues": ["raptors", "Beware!"]}, "arts_crafts": {"cues": []}}, "exclude_from_vector_store": ["placeholder"]}