{"current_id": "kKxIY922Ojs", "current_transcript": "Laser X. Select team red or blue or go rogue and blast anyone. With an unlimited number of players, you'll get pinpoint accuracy up to 200 feet. And the interactive voice coach keeps you focused on the game. Inside or out, day or night. Laser X.", "collected_cues": {"domesticity_nurturing": {"cues": []}, "fashion_beauty": {"cues": []}, "nature_animals": {"cues": []}, "love_tenderness": {"cues": []}, "magic_fantasy": {"cues": []}, "action_adventure": {"cues": ["blast", "pinpoint accuracy", "voice coach"]}, "fight_combat": {"cues": ["blast", "blast anyone", "pinpoint accuracy", "accuracy"]}, "speed_racing": {"cues": []}, "horror_monsters": {"cues": []}, "arts_crafts": {"cues": []}}, "exclude_from_vector_store": ["placeholder"], "target_class": "Boys/men"}