{"current_id": "kmlcpiP-oiM", "current_transcript": "The LEGO DC Batman Classic TV Series Batmobile Set Perfect for Batman enthusiasts Includes a LEGO minifigure of Batman The Batmobile features an opening boot, Bat computer and a chassis plate Collectible building set for adults", "collected_cues": {"domesticity_nurturing": {"cues": []}, "fashion_beauty": {"cues": []}, "nature_animals": {"cues": []}, "love_tenderness": {"cues": []}, "magic_fantasy": {"cues": []}, "action_adventure": {"cues": ["Batman", "Batmobile"]}, "fight_combat": {"cues": []}, "speed_racing": {"cues": ["Batmobile", "chassis plate"]}, "horror_monsters": {"cues": []}, "arts_crafts": {"cues": []}}, "exclude_from_vector_store": ["placeholder"], "target_class": "Boys/men"}