{"current_id": "kwzuxfGSCDA", "current_transcript": "Meet the SpinSlider 360 Remote Control Car. Spin around obstacles with its multi-direction drive and perform amazing 360 degree spins and slides. Watch the wheels flip as it travels sideways with the coolest spinning techniques. Slide into action with the SpinSlider 360 Remote Control Car.", "collected_cues": {"domesticity_nurturing": {"cues": []}, "fashion_beauty": {"cues": []}, "nature_animals": {"cues": []}, "love_tenderness": {"cues": []}, "magic_fantasy": {"cues": []}, "action_adventure": {"cues": ["spins", "slides", "action"]}, "fight_combat": {"cues": []}, "speed_racing": {"cues": ["360", "wheels", "slides", "spinning", "spin", "sideways", "action"]}, "horror_monsters": {"cues": []}, "arts_crafts": {"cues": []}}, "exclude_from_vector_store": ["placeholder"], "target_class": "Boys/men"}