{"current_id": "l0eXrp8w8cY", "current_transcript": "How do you Glam Goo? Glam Goo! So cute! Hey girl, how do you Glam Goo? Cloud crunch, the crunchy one! Unicorn tears, sparkly fun! Glam Goo goes there! Fletcher ring! It's slime with bling! Make slime fashionable with Glam Goo! Kits sold separately, slime included! How do you Glam Goo?", "collected_cues": {"domesticity_nurturing": {"cues": []}, "fashion_beauty": {"cues": ["sparkly", "bling"]}, "nature_animals": {"cues": []}, "love_tenderness": {"cues": ["cute"]}, "magic_fantasy": {"cues": ["Unicorn tears", "sparkly fun"]}, "action_adventure": {"cues": []}, "fight_combat": {"cues": []}, "speed_racing": {"cues": []}, "horror_monsters": {"cues": []}, "arts_crafts": {"cues": []}}, "exclude_from_vector_store": ["placeholder"], "target_class": "Girls/women"}