{"current_id": "l4JcpA4nCQI", "current_transcript": "Quick! We need help from Venus! Press the horn! We're on our way! Fireman Sam's emergency response unit is on the scene! Open up Venus into Sam's emergency room! There's lots of accessories! Spray the water to put the fire out! Good fireman!", "collected_cues": {"domesticity_nurturing": {"cues": []}, "fashion_beauty": {"cues": []}, "nature_animals": {"cues": []}, "love_tenderness": {"cues": []}, "magic_fantasy": {"cues": []}, "action_adventure": {"cues": ["emergency", "press the horn", "we're on our way", "emergency response unit", "spray the water to put the fire out"]}, "fight_combat": {"cues": []}, "speed_racing": {"cues": []}, "horror_monsters": {"cues": []}, "arts_crafts": {"cues": []}}, "exclude_from_vector_store": ["placeholder"]}