{"current_id": "LaPQiLhFbAw", "current_transcript": "Today we headed straight to the Our Generation Salon and we couldn't wait. It was so relaxing. Rosa had a new hairstyle and Ria went for the straight and sleek look. Husha had a pedicure. Self-care is great. It's even better with your closest friends. Our Generation Salon. Available now in-store or online at smithstoys.com.", "collected_cues": {"domesticity_nurturing": {"cues": ["pedicure", "self-care", "closest friends"]}, "fashion_beauty": {"cues": ["hairstyle", "pedicure", "self-care"]}, "nature_animals": {"cues": []}, "love_tenderness": {"cues": []}, "magic_fantasy": {"cues": []}, "action_adventure": {"cues": []}, "fight_combat": {"cues": []}, "speed_racing": {"cues": []}, "horror_monsters": {"cues": []}, "arts_crafts": {"cues": []}}, "exclude_from_vector_store": ["placeholder"]}