{"current_id": "Lc3uDld1oFE", "current_transcript": "Baby Annabelle Look, Lily is starting to crawl Come here, Lily You are doing so well Oh, don't cry if you fall down Just try again And soon you will be able to walk on your own, Lily Baby Annabelle, Lily learns to walk", "collected_cues": {"domesticity_nurturing": {"cues": ["Baby Annabelle", "Lily", "crawl", "come here", "you are doing so well", "don't cry", "try again", "walk on your own"]}, "fashion_beauty": {"cues": []}, "nature_animals": {"cues": []}, "love_tenderness": {"cues": ["You are doing so well", "Oh, don't cry if you fall down", "Just try again"]}, "magic_fantasy": {"cues": []}, "action_adventure": {"cues": []}, "fight_combat": {"cues": []}, "speed_racing": {"cues": []}, "horror_monsters": {"cues": []}, "arts_crafts": {"cues": []}}, "exclude_from_vector_store": ["placeholder"], "target_class": "Girls/women"}