{"current_id": "ldo9JM-1N48", "current_transcript": "If you want to become better at football, you need this. The Smart Ball is incredible. It talks to you and times you as well as training you to help you become better at football. You can use it with your friends or on your own. And it's brilliant for anyone who wants to improve their skills at football. It comes with six key skill training modes. Dribbling, Juggling, Inside Pass, Toe Tap, Sprint and Passing. And I want you guys to check it out.", "collected_cues": {"domesticity_nurturing": {"cues": []}, "fashion_beauty": {"cues": []}, "nature_animals": {"cues": []}, "love_tenderness": {"cues": []}, "magic_fantasy": {"cues": []}, "action_adventure": {"cues": []}, "fight_combat": {"cues": []}, "speed_racing": {"cues": []}, "horror_monsters": {"cues": []}, "arts_crafts": {"cues": []}}, "exclude_from_vector_store": ["placeholder"]}