{"current_id": "lety6hmeORo", "current_transcript": "This is the Ryan's World Combo Panda Mystery Vehicle Play Shack! We locked the secret code! Whaaa? There's so many things! And there's a secret compartment! Whaaa? Available at Smith's Toys!", "collected_cues": {"domesticity_nurturing": {"cues": []}, "fashion_beauty": {"cues": []}, "nature_animals": {"cues": []}, "love_tenderness": {"cues": []}, "magic_fantasy": {"cues": []}, "action_adventure": {"cues": ["Mystery", "secret code", "secret compartment"]}, "fight_combat": {"cues": []}, "speed_racing": {"cues": []}, "horror_monsters": {"cues": []}, "arts_crafts": {"cues": []}}, "exclude_from_vector_store": ["placeholder"]}