{"current_id": "lhZUSwZoMb8", "current_transcript": "Take a snack before you tax Snatch a lot Dig into the slot You turn to die and search for a snack It scraps and wraps by digging through the crack Take a snack before you tax And again and again He's hiding guarding his st. He will stop you in the flash. Take the most snacks before you attack. It's Dumpster Diver.", "collected_cues": {"domesticity_nurturing": {"cues": []}, "fashion_beauty": {"cues": []}, "nature_animals": {"cues": []}, "love_tenderness": {"cues": []}, "magic_fantasy": {"cues": []}, "action_adventure": {"cues": ["attack", "digging", "snatch", "search", "guard", "stop", "flash"]}, "fight_combat": {"cues": ["attack"]}, "speed_racing": {"cues": []}, "horror_monsters": {"cues": []}, "arts_crafts": {"cues": []}}, "exclude_from_vector_store": ["placeholder"], "target_class": "Boys/men"}