{"current_id": "lirzkZM0acI", "current_transcript": "Monster Mash! Monster Mash! Get ready to play Monster Mash! Spin the Monster Mixer, find the match and smash! Monster Mash! Be the first to match and smash to win! Yes! Can you catch the match? Monster Mash!", "collected_cues": {"domesticity_nurturing": {"cues": []}, "fashion_beauty": {"cues": []}, "nature_animals": {"cues": []}, "love_tenderness": {"cues": []}, "magic_fantasy": {"cues": []}, "action_adventure": {"cues": ["smash", "spin", "match", "win"]}, "fight_combat": {"cues": []}, "speed_racing": {"cues": []}, "horror_monsters": {"cues": ["Monster", "Mash", "Mixer", "smash"]}, "arts_crafts": {"cues": []}}, "exclude_from_vector_store": ["placeholder"]}