{"current_id": "ljN_9xsFKuY", "current_transcript": "Are you telling the truth? Truth Detector! Will tell you! Did you eat the last piece of cake? Uh-uh... Got you! Tell the truth! Have you done your homework? To become the interrogator! Did you just fart?", "collected_cues": {"domesticity_nurturing": {"cues": []}, "fashion_beauty": {"cues": []}, "nature_animals": {"cues": []}, "love_tenderness": {"cues": []}, "magic_fantasy": {"cues": []}, "action_adventure": {"cues": []}, "fight_combat": {"cues": []}, "speed_racing": {"cues": []}, "horror_monsters": {"cues": []}, "arts_crafts": {"cues": []}}, "exclude_from_vector_store": ["placeholder"], "target_class": "Mixed"}