{"current_id": "LT79EHI_g9c", "current_transcript": "Shimmer and Sparkle Polish and Spray and Spray it Create amazing salon style airbrush nail art With a glitter and shimmer airbrush designer Create hundreds of cool designs Show me what you got Shimmer and Sparkle Glitter and Shimmer Airbrush Designer From Character", "collected_cues": {"domesticity_nurturing": {"cues": []}, "fashion_beauty": {"cues": ["shimmer", "glitter", "nail art", "airbrush", "salon style", "designer"]}, "nature_animals": {"cues": []}, "love_tenderness": {"cues": []}, "magic_fantasy": {"cues": []}, "action_adventure": {"cues": []}, "fight_combat": {"cues": []}, "speed_racing": {"cues": []}, "horror_monsters": {"cues": []}, "arts_crafts": {"cues": ["Polish", "Spray", "airbrush", "nail art", "glitter", "shimmer", "designer", "create", "designs"]}}, "exclude_from_vector_store": ["placeholder"], "target_class": "Girls/women"}