{"current_id": "lVQWI6jSS1A", "current_transcript": "We have a blocked road! Time for a super upgrade! It's Jet's super robot suit to the rescue! Roll! Transform! Jet, transform! We're robot ready! No trouble is too big or too small!", "collected_cues": {"domesticity_nurturing": {"cues": []}, "fashion_beauty": {"cues": []}, "nature_animals": {"cues": []}, "love_tenderness": {"cues": []}, "magic_fantasy": {"cues": []}, "action_adventure": {"cues": ["blocked road", "super upgrade", "super robot suit", "transform", "rescue", "roll", "Jet, transform", "We're robot ready"]}, "fight_combat": {"cues": ["transform", "robot", "rescue"]}, "speed_racing": {"cues": []}, "horror_monsters": {"cues": []}, "arts_crafts": {"cues": []}}, "exclude_from_vector_store": ["placeholder"]}