{"current_id": "M3qoOJ0jgnQ", "current_transcript": "LEGO Ideas Home Alone McAllister's House Building Set The McAllister's house is packed with instantly recognisable details. The building stages track the plot of the movie. Includes 5 LEGO minifigures. Walls and roof open for easy access. Each level of the house is detachable.", "collected_cues": {"domesticity_nurturing": {"cues": []}, "fashion_beauty": {"cues": []}, "nature_animals": {"cues": []}, "love_tenderness": {"cues": []}, "magic_fantasy": {"cues": []}, "action_adventure": {"cues": []}, "fight_combat": {"cues": []}, "speed_racing": {"cues": []}, "horror_monsters": {"cues": []}, "arts_crafts": {"cues": []}}, "exclude_from_vector_store": ["placeholder"]}