{"current_id": "McLPHc98Uxw", "current_transcript": "To the rescue! Let's go! It's time to call in a Super Wings team! Slide and turn the control tower! Unleash the team power! Super Wings Mission Teams Air Force from Alpha!", "collected_cues": {"domesticity_nurturing": {"cues": []}, "fashion_beauty": {"cues": []}, "nature_animals": {"cues": []}, "love_tenderness": {"cues": []}, "magic_fantasy": {"cues": []}, "action_adventure": {"cues": ["rescue", "go", "call in a Super Wings team", "Slide and turn the control tower", "Unleash the team power", "Super Wings Mission Teams Air Force from Alpha"]}, "fight_combat": {"cues": ["rescue", "team", "power"]}, "speed_racing": {"cues": []}, "horror_monsters": {"cues": []}, "arts_crafts": {"cues": []}}, "exclude_from_vector_store": ["placeholder"]}