{"current_id": "mhU5R_4mPQ8", "current_transcript": "Monster High Touraline. Her clothes have a cat on it. I love it. Barbie and Stacey. Pink binoculars. Pink cowgirl hat. It's really cute. Barbie mermaid color change doll. I love her hair. It turns to pink. Polly Pocket compact seaside puppy ride. It has a beach, bunk beds, jet skis, space ones like me.", "collected_cues": {"domesticity_nurturing": {"cues": []}, "fashion_beauty": {"cues": ["clothes", "cat", "cowgirl hat", "hair", "pink"]}, "nature_animals": {"cues": ["puppy", "cat", "beach"]}, "love_tenderness": {"cues": ["I love it", "I love her hair"]}, "magic_fantasy": {"cues": []}, "action_adventure": {"cues": ["jet skis", "puppy ride"]}, "fight_combat": {"cues": []}, "speed_racing": {"cues": []}, "horror_monsters": {"cues": []}, "arts_crafts": {"cues": []}}, "exclude_from_vector_store": ["placeholder"]}