{"current_id": "mPcOj0R9dCY", "current_transcript": "Barbie! Dolphin Magic! Dive into the waves with me Colors changing in the sea My chest is magic I'm a mermaid now Dolphin Magic! We can swim forever In the Dolphin Magic Dream You can be anything", "collected_cues": {"domesticity_nurturing": {"cues": []}, "fashion_beauty": {"cues": ["colors changing", "magic", "mermaid"]}, "nature_animals": {"cues": ["Dolphin", "Dive", "waves", "sea", "mermaid"]}, "love_tenderness": {"cues": []}, "magic_fantasy": {"cues": ["Dolphin Magic", "colors changing in the sea", "My chest is magic", "I'm a mermaid now", "Dolphin Magic! We can swim forever", "In the Dolphin Magic Dream"]}, "action_adventure": {"cues": ["Dive into the waves", "Colors changing in the sea", "My chest is magic", "I'm a mermaid now", "Dolphin Magic! We can swim forever"]}, "fight_combat": {"cues": []}, "speed_racing": {"cues": []}, "horror_monsters": {"cues": []}, "arts_crafts": {"cues": ["colors", "magic", "mermaid"]}}, "exclude_from_vector_store": ["placeholder"]}