{"mid": {"Electric/Acoustic": "Electric", "Distorted/Clear": "undefined", "Heavy/Light": "undefined", "Punchy/Smooth": "undefined", "Harmonious/Disharmonious": "Harmonious"}, "emo": {"Happy": "moderately", "Beauty": "moderately", "Calm": "very", "Energizing": "not", "Angry": "not"}, "cls": {"target_of_toy_ad": "Girls/women", "voice_age": "Adults (including young adults)", "voice_gender": "Feminine", "voice_exagg": "Yes a feminine voice is gender exaggerated", "voice_type": "BOTH spoken and sung"}}