{"current_id": "mrr_Temr3gs", "current_transcript": "It's bumping, crashing, two-player action with Road Rage Speed Bumper Cars. Turn left and right or reverse to dodge your opponent and give your rival's racer a bump and send them flying. Road Rage Speed Bumper Cars. Available now.", "collected_cues": {"domesticity_nurturing": {"cues": []}, "fashion_beauty": {"cues": []}, "nature_animals": {"cues": []}, "love_tenderness": {"cues": []}, "magic_fantasy": {"cues": []}, "action_adventure": {"cues": ["bumping", "crashing", "two-player", "dodge", "bump", "flying"]}, "fight_combat": {"cues": ["bumping", "crashing", "two-player action", "dodge", "rival's racer", "send them flying"]}, "speed_racing": {"cues": ["bumping", "crashing", "two-player", "speed", "racer", "reverse", "dodge", "rival's racer", "send them flying"]}, "horror_monsters": {"cues": []}, "arts_crafts": {"cues": []}}, "exclude_from_vector_store": ["placeholder"], "target_class": "Boys/men"}