{"current_id": "mTFp1cYlwSo", "current_transcript": "Barbie Color Reveal! What's new? Neon Tie-Dye Series! Ready for her reveal! Neon Fashion! Surprise Packs! And Accessories! Bright Makeup! Gold Hair! And Tie-Dye Fashion! What surprises will you reveal? Barbie Color Reveal! Neon Tie-Dye Dolls! Each sold separately! With Barbie!", "collected_cues": {"domesticity_nurturing": {"cues": []}, "fashion_beauty": {"cues": ["Neon Fashion", "Surprise Packs", "Accessories", "Bright Makeup", "Gold Hair", "Tie-Dye Fashion"]}, "nature_animals": {"cues": []}, "love_tenderness": {"cues": []}, "magic_fantasy": {"cues": []}, "action_adventure": {"cues": []}, "fight_combat": {"cues": []}, "speed_racing": {"cues": []}, "horror_monsters": {"cues": []}, "arts_crafts": {"cues": ["Neon Tie-Dye Series", "Tie-Dye Fashion", "Color", "Makeup"]}}, "exclude_from_vector_store": ["placeholder"], "target_class": "Girls/women"}