{"current_id": "mw82F4Z-igY", "current_transcript": "In addition to your bathtub, BabyBorn now has her own washbasin! Time to brush your teeth! With light and mirror! Now rinse your mouth! With real working tap and duck thug!", "collected_cues": {"domesticity_nurturing": {"cues": ["bathtub", "washbasin", "brush your teeth", "light", "mirror", "tap", "duck thug"]}, "fashion_beauty": {"cues": []}, "nature_animals": {"cues": []}, "love_tenderness": {"cues": []}, "magic_fantasy": {"cues": []}, "action_adventure": {"cues": []}, "fight_combat": {"cues": []}, "speed_racing": {"cues": []}, "horror_monsters": {"cues": []}, "arts_crafts": {"cues": []}}, "exclude_from_vector_store": ["placeholder"]}