{"current_id": "mynGyOtZu2I", "current_transcript": "Kinetic, Kinetic, Sand! Kinetic Sand Slice and Surprise! With no two surprises alike! Kinetic, Kinetic, Kinetic, Sand! No way! Nice! So mesmerizing! Look at that! So satisfying! So cool! Create awesome surprise reveals! Kinetic, Kinetic, sand! Whoa! Can slice and get surprised! Kinetic sand slice and surprise!", "collected_cues": {"domesticity_nurturing": {"cues": []}, "fashion_beauty": {"cues": []}, "nature_animals": {"cues": []}, "love_tenderness": {"cues": []}, "magic_fantasy": {"cues": []}, "action_adventure": {"cues": []}, "fight_combat": {"cues": []}, "speed_racing": {"cues": []}, "horror_monsters": {"cues": []}, "arts_crafts": {"cues": ["create", "surprise reveals"]}}, "exclude_from_vector_store": ["placeholder"]}