{"current_id": "n9madEKqhys", "current_transcript": "Just how fast is Sonic the Hedgehog in the all new Green Hill Zone playset? Now that's a lot of fast! Oh no! Dr. Eggman's taking over Green Hill Zone! Quick! Let's spring into action! Time to power up! Now connect the bedrings! It's time for some spin action! Not just spin action! Sonic Fast Spin Action! Let's watch him again! Look! There's Dr. Eggman! Watch out for the Spikes! Evil's going nowhere fast! Sonic the Hedgehog, Green Hill Zone, Playset, Come with one Sonic figure. Other figures sold separately from Jack's Pacific. Select them all, the bill will go away.", "collected_cues": {"domesticity_nurturing": {"cues": []}, "fashion_beauty": {"cues": []}, "nature_animals": {"cues": []}, "love_tenderness": {"cues": []}, "magic_fantasy": {"cues": []}, "action_adventure": {"cues": ["Quick! Let's spring into action!", "Time to power up!", "spin action", "Watch out for the Spikes!"]}, "fight_combat": {"cues": ["Dr. Eggman", "taking over", "watch out for the Spikes", "Evil's going nowhere fast"]}, "speed_racing": {"cues": ["fast", "spin action"]}, "horror_monsters": {"cues": []}, "arts_crafts": {"cues": []}}, "exclude_from_vector_store": ["placeholder"]}