{"current_id": "NDtxC8thDA8", "current_transcript": "Toy Story Collection Buzz Lightyear! To infinity and beyond! The most film-inspired Buzz Lightyear ever with a voice simulator! Buzz Lightyear to the rescue! Fire his laser! Talk to Star Command! Buzz Lightyear to Star Command. Take flight with the pop-out space wings in response to your voice! Hello, my friends.", "collected_cues": {"domesticity_nurturing": {"cues": []}, "fashion_beauty": {"cues": []}, "nature_animals": {"cues": []}, "love_tenderness": {"cues": []}, "magic_fantasy": {"cues": []}, "action_adventure": {"cues": ["To infinity and beyond!", "Buzz Lightyear to the rescue!", "Fire his laser!", "Take flight with the pop-out space wings in response to your voice!"]}, "fight_combat": {"cues": []}, "speed_racing": {"cues": []}, "horror_monsters": {"cues": []}, "arts_crafts": {"cues": []}}, "exclude_from_vector_store": ["placeholder"], "target_class": "Boys/men"}