{"current_id": "NJcQ23zdcMU", "current_transcript": "Frozen Little Kingdom. You can roll in a castle of ice and snow. Elsa's Frozen Castle, did you know? Sit on the throne and icicles appear. Now snap and snow in style. From Disney's Frozen Little Kingdom, Elsa's Frozen Little Kingdom.", "collected_cues": {"domesticity_nurturing": {"cues": []}, "fashion_beauty": {"cues": ["style"]}, "nature_animals": {"cues": ["ice", "snow", "icicles"]}, "love_tenderness": {"cues": []}, "magic_fantasy": {"cues": ["Frozen Little Kingdom", "Elsa's Frozen Castle", "throne", "icicles appear", "snap and snow in style"]}, "action_adventure": {"cues": []}, "fight_combat": {"cues": []}, "speed_racing": {"cues": []}, "horror_monsters": {"cues": []}, "arts_crafts": {"cues": []}}, "exclude_from_vector_store": ["placeholder"], "target_class": "Girls/women"}