{"current_id": "NM3hSVoQMJI", "current_transcript": "From Disney's Frozen! Snow Color Reveal! What magic will you reveal? Wow! I made snow! It's so fluffy! It's Anna and Elsa! The cape, accessories, and Olaf! Let's play in the snow! Disney Frozen Snow Color Reveal Dolls!", "collected_cues": {"domesticity_nurturing": {"cues": []}, "fashion_beauty": {"cues": ["cape", "accessories"]}, "nature_animals": {"cues": []}, "love_tenderness": {"cues": []}, "magic_fantasy": {"cues": ["magic", "snow", "fluffy", "Anna and Elsa", "cape", "accessories", "Olaf"]}, "action_adventure": {"cues": []}, "fight_combat": {"cues": []}, "speed_racing": {"cues": []}, "horror_monsters": {"cues": []}, "arts_crafts": {"cues": ["color"]}}, "exclude_from_vector_store": ["placeholder"]}