{"current_id": "Nw-C8Ql-D_k", "current_transcript": "Flyline puts you in command! Take to the skies for the ultimate battle of the air! Flyline, the world's first multi-plane RC racing and combat systems! Change the prop, you control the speed! With Flyline Air Racer, you can take off and fly at breakneck speed! With Flyline Air Combat, you're in control! Flying and battling, maneuver to slice your opponent's tail! Do stunts, climb, dive, loop, and perform the amazing knife edge! Flyline puts you in command! Flyline Complete RC Flight Systems. Comes with one plane and controller. Set sold separately.", "collected_cues": {"domesticity_nurturing": {"cues": []}, "fashion_beauty": {"cues": []}, "nature_animals": {"cues": []}, "love_tenderness": {"cues": []}, "magic_fantasy": {"cues": []}, "action_adventure": {"cues": ["battle", "combat", "slice", "stunts", "climb", "dive", "loop", "knife edge"]}, "fight_combat": {"cues": ["battle", "combat", "slice your opponent's tail"]}, "speed_racing": {"cues": ["speed", "racing", "take off", "fly at breakneck speed", "slice your opponent's tail"]}, "horror_monsters": {"cues": []}, "arts_crafts": {"cues": []}}, "exclude_from_vector_store": ["placeholder"], "target_class": "Boys/men"}