{"current_id": "nzFf9azy3Jc", "current_transcript": "Sylvanian Families I went to the shop and imagined a story that never ends A story of nature and happy friends Good night Freya, hello again Cozy Cottage Starter Home Connects to other homes from Sylvanian Families Sylvanian Families Winter in Sylvanian Village is full of excitement There are Christmas presents all around Everybody's having so much fun Look Freya and Cozy Cottage", "collected_cues": {"domesticity_nurturing": {"cues": []}, "fashion_beauty": {"cues": []}, "nature_animals": {"cues": ["Sylvanian", "story", "nature", "friends"]}, "love_tenderness": {"cues": []}, "magic_fantasy": {"cues": []}, "action_adventure": {"cues": []}, "fight_combat": {"cues": []}, "speed_racing": {"cues": []}, "horror_monsters": {"cues": []}, "arts_crafts": {"cues": []}}, "exclude_from_vector_store": ["placeholder"], "target_class": "Mixed"}