{"current_id": "oFfm9G2fUIE", "current_transcript": "Jell-O-Peel 3D. Make it real with Jell-O-Peel. And now you can create 3D designs with the Jell-O-Peel 3D Design Station. Cell phone cases, pencil toppers, charms, keychains, and more. Make it real with Jell-O-Peel 3D. Jell-O-Peel jewelry kits and 3D Design Station.", "collected_cues": {"domesticity_nurturing": {"cues": []}, "fashion_beauty": {"cues": ["cell phone cases", "pencil toppers", "charms", "keychains", "jewelry kits"]}, "nature_animals": {"cues": []}, "love_tenderness": {"cues": []}, "magic_fantasy": {"cues": []}, "action_adventure": {"cues": []}, "fight_combat": {"cues": []}, "speed_racing": {"cues": []}, "horror_monsters": {"cues": []}, "arts_crafts": {"cues": ["create", "3D", "Design", "Station"]}}, "exclude_from_vector_store": ["placeholder"]}