{"current_id": "opKE-6zmKDo", "current_transcript": "Disney Adorables Time's up Adorables Over 100 new Disney friends to meet In all new styles that look so sweet Thumbers fuzzy There's Mickey and his friends You're all sparkle Adorables, friendships never end Disney Adorables New Adorables series", "collected_cues": {"domesticity_nurturing": {"cues": []}, "fashion_beauty": {"cues": ["sparkle", "styles"]}, "nature_animals": {"cues": []}, "love_tenderness": {"cues": ["sweet", "fuzzy", "sparkle", "Adorables", "friendships never end"]}, "magic_fantasy": {"cues": []}, "action_adventure": {"cues": []}, "fight_combat": {"cues": []}, "speed_racing": {"cues": []}, "horror_monsters": {"cues": []}, "arts_crafts": {"cues": []}}, "exclude_from_vector_store": ["placeholder"]}