{"current_id": "oT1xTcNxca8", "current_transcript": "From Disney Pixar Cars 3, it's the Smash and Crash Derby playset! Rev em up for motor mayhem! These Crazy 8 Crashers are totally out of control! Cruz Ramirez and Lightning McQueen are looking for a way out! Change the shape of the track and roll in the big Crazy 8 Crashers! Rev em up for Smash and Crash chaos! Time for the final challenge against Mega Size Ms. Fritter! Destructions in session! Smash her just right to win your way out! Ms. Fritter gets schooled! Let's get out of here! Smash and Crash Derby set and car packs each sold separately.", "collected_cues": {"domesticity_nurturing": {"cues": []}, "fashion_beauty": {"cues": []}, "nature_animals": {"cues": []}, "love_tenderness": {"cues": []}, "magic_fantasy": {"cues": []}, "action_adventure": {"cues": ["Smash", "Crash", "Rev em up", "motor mayhem", "Crazy 8 Crashers", "Destructions in session", "Smash her just right"]}, "fight_combat": {"cues": ["Smash", "Crash", "Destructions", "Smash her just right to win your way out!"]}, "speed_racing": {"cues": ["Smash", "Crash", "Rev", "motor", "track", "Crazy 8 Crashers", "Cruz Ramirez", "Lightning McQueen", "Smash", "Destructions", "Smash"]}, "horror_monsters": {"cues": []}, "arts_crafts": {"cues": []}}, "exclude_from_vector_store": ["placeholder"], "target_class": "Boys/men"}