{"current_id": "owj4JnkMDpQ", "current_transcript": "The twin rotor helicopter model marks a great entry to the LEGO Technic universe. A simple but challenging build, the rescue themed 2-in-1 model has spinning rotors that link up and cool rescue styling. With a movable front wheel for easy maneuvering, this set has everything you need to get started. This model rebuilds into a single rotor helicopter. The building instruction is available for download on lego.com", "collected_cues": {"domesticity_nurturing": {"cues": []}, "fashion_beauty": {"cues": []}, "nature_animals": {"cues": []}, "love_tenderness": {"cues": []}, "magic_fantasy": {"cues": []}, "action_adventure": {"cues": ["rescue"]}, "fight_combat": {"cues": []}, "speed_racing": {"cues": []}, "horror_monsters": {"cues": []}, "arts_crafts": {"cues": []}}, "exclude_from_vector_store": ["placeholder"]}