{"current_id": "p-VOayUPtGk", "current_transcript": "Treasure X! Monster gold! We're monster size! Open the coffin! Eww! Spider webs! Mix the secret solution and... Look inside! Will you find real gold dipped treasure? Now bring him to life! No, Ray! Create a monster in the lab! I'm alive! Then mix them and mash them! Treasure X! Monsters in Monster Lab! Each sold separately. I'm alive!", "collected_cues": {"domesticity_nurturing": {"cues": []}, "fashion_beauty": {"cues": []}, "nature_animals": {"cues": ["Spider webs", "Monster", "Lab"]}, "love_tenderness": {"cues": []}, "magic_fantasy": {"cues": ["Monster gold", "Spider webs", "Bring him to life", "Create a monster in the lab", "I'm alive!"]}, "action_adventure": {"cues": ["Open the coffin!", "Mix the secret solution and... Look inside!", "Will you find real gold dipped treasure?", "Now bring him to life!", "Create a monster in the lab!", "I'm alive!", "Then mix them and mash them!"]}, "fight_combat": {"cues": []}, "speed_racing": {"cues": []}, "horror_monsters": {"cues": ["Monster", "gold", "coffin", "Eww", "Spider webs", "I'm alive"]}, "arts_crafts": {"cues": ["create", "mix", "mash"]}}, "exclude_from_vector_store": ["placeholder"], "target_class": "Boys/men"}