{"current_id": "P0S1QppOjso", "current_transcript": "Welcome to the first episode of the series. This is the first episode of the series. I will show you how to get the first item. First, I will show you how to get the first item. First, I will show you how to get the first item. Thank you. Thanks for watching!", "collected_cues": {"domesticity_nurturing": {"cues": []}, "fashion_beauty": {"cues": []}, "nature_animals": {"cues": []}, "love_tenderness": {"cues": []}, "magic_fantasy": {"cues": []}, "action_adventure": {"cues": []}, "fight_combat": {"cues": []}, "speed_racing": {"cues": []}, "horror_monsters": {"cues": []}, "arts_crafts": {"cues": []}}, "exclude_from_vector_store": ["placeholder"], "target_class": "Mixed"}