{"current_id": "P17AgqwC6_s", "current_transcript": "I love my Gekko so much! And Gekko loves me! Let's go Gekko! Gekko loves me! Gekko loves me! Gekko loves me! Gekko loves me! Gekko loves me! Gekko loves me! Gekko loves me! Gekko loves me! Gekko loves me! Gekko loves me! Gekko loves me! Gekko loves me!", "collected_cues": {"domesticity_nurturing": {"cues": []}, "fashion_beauty": {"cues": []}, "nature_animals": {"cues": ["Gekko"]}, "love_tenderness": {"cues": ["love", "loves", "loves", "loves", "loves", "loves", "loves", "loves", "loves", "loves", "loves", "loves", "loves", "loves"]}, "magic_fantasy": {"cues": []}, "action_adventure": {"cues": []}, "fight_combat": {"cues": []}, "speed_racing": {"cues": []}, "horror_monsters": {"cues": []}, "arts_crafts": {"cues": []}}, "exclude_from_vector_store": ["placeholder"], "target_class": "Girls/women"}