{"current_id": "pCONilNHAPs", "current_transcript": "Woah, if you really wanna win, you gotta dive in Come on now, you know it's time, you'll never know what you may find Woah, if you really wanna win, you gotta dive in Hey, time to stand up Don't have to play pretend You gotta dive in Hey, time to stand up Don't have to play pretend And if you mess up Just go and try again", "collected_cues": {"domesticity_nurturing": {"cues": []}, "fashion_beauty": {"cues": []}, "nature_animals": {"cues": []}, "love_tenderness": {"cues": []}, "magic_fantasy": {"cues": []}, "action_adventure": {"cues": ["dive in", "stand up", "try again"]}, "fight_combat": {"cues": []}, "speed_racing": {"cues": []}, "horror_monsters": {"cues": []}, "arts_crafts": {"cues": []}}, "exclude_from_vector_store": ["placeholder"]}