{"current_id": "PPvsKep3aCk", "current_transcript": "It's the new Elephant and Friends Mousetrap Game!", "collected_cues": {"domesticity_nurturing": {"cues": []}, "fashion_beauty": {"cues": []}, "nature_animals": {"cues": ["Elephant"]}, "love_tenderness": {"cues": []}, "magic_fantasy": {"cues": []}, "action_adventure": {"cues": []}, "fight_combat": {"cues": []}, "speed_racing": {"cues": []}, "horror_monsters": {"cues": []}, "arts_crafts": {"cues": []}}, "exclude_from_vector_store": ["placeholder"], "target_class": "Mixed"}