{"current_id": "PrIClJPx_F0", "current_transcript": "T-T-T-Turtle Fun Fun with the Turtle Fun. I am the Turtle Fun. Play with me. Play Turtle Fun. You have to guess the fin and remember the colors in the right sequence. Remember the right order and hit the right colors. Do the Turtle Fun. T-T-Turtle Fun and you win.", "collected_cues": {"domesticity_nurturing": {"cues": []}, "fashion_beauty": {"cues": []}, "nature_animals": {"cues": ["Turtle", "fin"]}, "love_tenderness": {"cues": []}, "magic_fantasy": {"cues": []}, "action_adventure": {"cues": []}, "fight_combat": {"cues": []}, "speed_racing": {"cues": []}, "horror_monsters": {"cues": []}, "arts_crafts": {"cues": ["colors", "sequence", "guess"]}}, "exclude_from_vector_store": ["placeholder"]}