{"current_id": "PYt9gKMp7KA", "current_transcript": "What's the scoop? Num Noms Lip Gloss Truck! Num Noms, Num Noms Lip Gloss Truck Num Noms Lip Gloss coming up! One! Pick cherry or vanilla Two! Add glitter sprinkles on there Three! Pour it and swirl it and mix it all together Lip gloss you can't wear Make your own scented lip gloss with the Num Noms Lip Gloss Truck", "collected_cues": {"domesticity_nurturing": {"cues": []}, "fashion_beauty": {"cues": ["glitter", "lip gloss", "scented"]}, "nature_animals": {"cues": []}, "love_tenderness": {"cues": []}, "magic_fantasy": {"cues": []}, "action_adventure": {"cues": []}, "fight_combat": {"cues": []}, "speed_racing": {"cues": []}, "horror_monsters": {"cues": []}, "arts_crafts": {"cues": ["glitter", "mix it all together"]}}, "exclude_from_vector_store": ["placeholder"], "target_class": "Girls/women"}