{"current_id": "QcBHGnMOeNg", "current_transcript": "Sylvanian Families Today the happy babies are going to the Forest Nursery. They love to draw and paint, they are such good friends and love to play together. They even slide from the bus to the nursery. Sylvanian Families Forest Nursery Sylvanian Families Freya is going to the Country Tree School today. She loves learning from her teacher. Her favourite time is having lunch with friends, especially when Ralph is telling her", "collected_cues": {"domesticity_nurturing": {"cues": ["babies", "play", "friends", "lunch"]}, "fashion_beauty": {"cues": []}, "nature_animals": {"cues": ["Forest Nursery", "Country Tree School"]}, "love_tenderness": {"cues": ["love", "friends", "love", "play together", "learning", "lunch", "telling her"]}, "magic_fantasy": {"cues": []}, "action_adventure": {"cues": ["slide", "nursery"]}, "fight_combat": {"cues": []}, "speed_racing": {"cues": []}, "horror_monsters": {"cues": []}, "arts_crafts": {"cues": ["draw", "paint"]}}, "exclude_from_vector_store": ["placeholder"]}