{"current_id": "qduEY6MUMnk", "current_transcript": "Go big! Get MINIs! They're a whole new way to play with Thomas and friends. Experience high speed excitement with MINIs Motorized Raceway. Where MINIs trains deliver big action. Race them up and through a loop. Action packed multi-track. Upside down swooping spiral to the finish line. MINIs Motorized Raceway comes with exclusive Racing Thomas and Racing James.", "collected_cues": {"domesticity_nurturing": {"cues": []}, "fashion_beauty": {"cues": []}, "nature_animals": {"cues": []}, "love_tenderness": {"cues": []}, "magic_fantasy": {"cues": []}, "action_adventure": {"cues": ["high speed excitement", "race", "loop", "action packed", "spiral"]}, "fight_combat": {"cues": []}, "speed_racing": {"cues": ["high speed", "Motorized Raceway", "race", "loop", "multi-track", "finish line"]}, "horror_monsters": {"cues": []}, "arts_crafts": {"cues": []}}, "exclude_from_vector_store": ["placeholder"]}