{"current_id": "QF8xIUKkDIU", "current_transcript": "Skylanders Trap Team is the fourth installment of the Skylanders game series and is available on all major consoles. So check out this trailer to see what the new game is all about. Skylanders Trap Team! Now when you beat a bad guy, you can capture him in a crystal trap! Hey, let me out! Then send him back to fight for you. Let's fry these guys! Capture evil, unleash good. The new video game Skylanders Trap Team, available now!", "collected_cues": {"domesticity_nurturing": {"cues": []}, "fashion_beauty": {"cues": []}, "nature_animals": {"cues": []}, "love_tenderness": {"cues": []}, "magic_fantasy": {"cues": []}, "action_adventure": {"cues": ["beat a bad guy", "capture him in a crystal trap", "let's fry these guys"]}, "fight_combat": {"cues": ["beat a bad guy", "capture him in a crystal trap", "send him back to fight for you", "let's fry these guys"]}, "speed_racing": {"cues": []}, "horror_monsters": {"cues": []}, "arts_crafts": {"cues": []}}, "exclude_from_vector_store": ["placeholder"]}