{"current_id": "qKXWjVidvf4", "current_transcript": "It's Ogg on the Bog. Steal Ogg's loo rolls as he farts and fumes. Don't let him hear you. You've asked for someone after my loo rolls. But watch out. Ogg might blow his bog apart and you'll...", "collected_cues": {"domesticity_nurturing": {"cues": []}, "fashion_beauty": {"cues": []}, "nature_animals": {"cues": []}, "love_tenderness": {"cues": []}, "magic_fantasy": {"cues": []}, "action_adventure": {"cues": []}, "fight_combat": {"cues": []}, "speed_racing": {"cues": []}, "horror_monsters": {"cues": []}, "arts_crafts": {"cues": []}}, "exclude_from_vector_store": ["placeholder"]}