{"current_id": "qMfHdzdqBBo", "current_transcript": "Articulate! It's nature! It lives in the sea! It breathes water! A fish! No! It's got lots of legs! It's got suckers! A starfish! No! It squirts ink! An octopus! The legendary Articulate! Now for kids!", "collected_cues": {"domesticity_nurturing": {"cues": []}, "fashion_beauty": {"cues": []}, "nature_animals": {"cues": ["fish", "starfish", "octopus"]}, "love_tenderness": {"cues": []}, "magic_fantasy": {"cues": []}, "action_adventure": {"cues": []}, "fight_combat": {"cues": []}, "speed_racing": {"cues": []}, "horror_monsters": {"cues": []}, "arts_crafts": {"cues": []}}, "exclude_from_vector_store": ["placeholder"]}