{"current_id": "QnrL9A3bFng", "current_transcript": "New from Mega Bloks in the animated movie Minions! Your buildable buddy cabin has become mega-sized, just like in the movie! Whoa! Make him happy! Make him frown! And there's even a place for little Bob to hide! Bob? Build and rebuild him for more!", "collected_cues": {"domesticity_nurturing": {"cues": []}, "fashion_beauty": {"cues": []}, "nature_animals": {"cues": []}, "love_tenderness": {"cues": []}, "magic_fantasy": {"cues": []}, "action_adventure": {"cues": []}, "fight_combat": {"cues": []}, "speed_racing": {"cues": []}, "horror_monsters": {"cues": []}, "arts_crafts": {"cues": []}}, "exclude_from_vector_store": ["placeholder"]}