{"current_id": "qPkAO-pD1cw", "current_transcript": "Get me out of here! Uh-oh, looks like the people of Broomstown are in trouble again! Help me! Please! But they needn't worry! You've reached the rescue team! Polly, Amber, Helly and Roy will save them! They'll do whatever it takes to keep everyone safe! Polly, I can't thank you enough! Yeah, thank you! And now with the new Robocar Polly Headquarters playset, you can be the hero too! Explore the full range of products at Smith's Toys! Don't miss Robocar Polly on Nick Jr. TV!", "collected_cues": {"domesticity_nurturing": {"cues": []}, "fashion_beauty": {"cues": []}, "nature_animals": {"cues": []}, "love_tenderness": {"cues": []}, "magic_fantasy": {"cues": []}, "action_adventure": {"cues": ["rescue", "save", "hero"]}, "fight_combat": {"cues": []}, "speed_racing": {"cues": []}, "horror_monsters": {"cues": []}, "arts_crafts": {"cues": []}}, "exclude_from_vector_store": ["placeholder"]}