{"current_id": "QUsWFYS0OWU", "current_transcript": "With LEGO Harry Potter, experience the magic of the brick. And go back to Hogwarts to a world of adventure and magical happenings. Explore Hogwarts with all its mysteries. Meet the professors and see all your friends. How the story goes is entirely up to you. Welcome back to Hogwarts with LEGO Harry Potter. Sets sold separately. Also available. How the story goes is entirely up to you. Welcome back to Hogwarts with LEGO Harry Potter. Sets sold separately. Also available LEGO Fantastic.", "collected_cues": {"domesticity_nurturing": {"cues": []}, "fashion_beauty": {"cues": []}, "nature_animals": {"cues": []}, "love_tenderness": {"cues": []}, "magic_fantasy": {"cues": ["LEGO Harry Potter", "Hogwarts", "magic", "adventure", "magical happenings", "mysteries", "professors", "friends"]}, "action_adventure": {"cues": ["adventure", "magical happenings", "mysteries"]}, "fight_combat": {"cues": []}, "speed_racing": {"cues": []}, "horror_monsters": {"cues": []}, "arts_crafts": {"cues": []}}, "exclude_from_vector_store": ["placeholder"], "target_class": "Mixed"}