{"current_id": "R2h2t3UpEsg", "current_transcript": "Create your own masterpiece with the LEGO Art Mona Lisa Painting Building Set. Enjoy an immersive and creative activity specially designed to hang on a wall. Held within a detachable gold coloured frame. Includes instructions and a soundtrack about the Mona Lisa. LEGO Art Mona Lisa Painting Building Set.", "collected_cues": {"domesticity_nurturing": {"cues": []}, "fashion_beauty": {"cues": []}, "nature_animals": {"cues": []}, "love_tenderness": {"cues": []}, "magic_fantasy": {"cues": []}, "action_adventure": {"cues": []}, "fight_combat": {"cues": []}, "speed_racing": {"cues": []}, "horror_monsters": {"cues": []}, "arts_crafts": {"cues": ["Create", "masterpiece", "creative", "activity", "painting", "wall"]}}, "exclude_from_vector_store": ["placeholder"]}