{"current_id": "rbFmBHY-7-s", "current_transcript": "Meet the Nerf Moto Blitz! It's the only blaster with Blitz Mode! For an epic 6-start final blast! Or load up the 10-dart clip! And you can go full Moto! It's more than a blast! It's an all-out Blitz! The Nerf Moto Blitz! Each sold separately. Eyewear and batteries not included. It's Nerf!", "collected_cues": {"domesticity_nurturing": {"cues": []}, "fashion_beauty": {"cues": []}, "nature_animals": {"cues": []}, "love_tenderness": {"cues": []}, "magic_fantasy": {"cues": []}, "action_adventure": {"cues": ["6-start final blast", "Blitz Mode", "full Moto"]}, "fight_combat": {"cues": ["blaster", "blast", "dart"]}, "speed_racing": {"cues": ["Blitz Mode", "6-start final blast", "full Moto"]}, "horror_monsters": {"cues": []}, "arts_crafts": {"cues": []}}, "exclude_from_vector_store": ["placeholder"]}