{"current_id": "rEQM-9Xagss", "current_transcript": "Spider-Man Homecoming! Introducing the Spider-Man Homecoming Web Wheelie RC Vehicle! Drive like only your friendly neighborhood Spider-Man can! Do amazing light-up web wheelie stunts! Including heroic daring jumps and cool Spider-Man landings! Get going with spectacular Spider-Man 360 web spinning action! Be a superhero with the Spider-Man Homecoming Web Wheelie RC from Nick!", "collected_cues": {"domesticity_nurturing": {"cues": []}, "fashion_beauty": {"cues": []}, "nature_animals": {"cues": []}, "love_tenderness": {"cues": []}, "magic_fantasy": {"cues": []}, "action_adventure": {"cues": ["Spider-Man", "stunts", "jumps", "landings", "360 web spinning action"]}, "fight_combat": {"cues": ["Spider-Man", "web wheelie stunts", "daring jumps", "Spider-Man landings", "web spinning action"]}, "speed_racing": {"cues": ["web wheelie", "drive", "daring jumps", "360 web spinning"]}, "horror_monsters": {"cues": []}, "arts_crafts": {"cues": []}}, "exclude_from_vector_store": ["placeholder"], "target_class": "Boys/men"}