{"current_id": "RfyqvJL5pmw", "current_transcript": "DreamWorks Dragons! You can command the ultimate dragon fire! Dragon breath that looks like real fire! With giant fire breathing toothless! Can you defeat whispering death? Fight fire with blazing blue dragon fire! Escape his gnashing teeth! Team up with your action dragons! Use the missile fire attack! You win! With giant fire breathing toothless!", "collected_cues": {"domesticity_nurturing": {"cues": []}, "fashion_beauty": {"cues": []}, "nature_animals": {"cues": ["dragon", "fire", "toothless"]}, "love_tenderness": {"cues": []}, "magic_fantasy": {"cues": ["dragon", "fire", "breathing", "toothless"]}, "action_adventure": {"cues": ["dragon fire", "fire", "breathing", "attack", "missile fire"]}, "fight_combat": {"cues": ["fire", "attack", "defeat", "teeth", "missile fire"]}, "speed_racing": {"cues": []}, "horror_monsters": {"cues": ["dragon", "fire", "toothless", "death", "teeth"]}, "arts_crafts": {"cues": []}}, "exclude_from_vector_store": ["placeholder"], "target_class": "Boys/men"}