{"current_id": "rII0mmoYBHs", "current_transcript": "My name's Maddox and I'm five years old. Look! Look! Look what I made! I'm going to make a sun out of Play-Doh. The sun makes me think about summer. In the summertime, I like to go to the beach and play with my cousins. In the summertime, I like to play in my waterslide. The sun is so bright he needs to wear shades. I'm going to take this piece of Play-Doh and make a smile. My name is Maddox and I made this cool sun.", "collected_cues": {"domesticity_nurturing": {"cues": []}, "fashion_beauty": {"cues": []}, "nature_animals": {"cues": ["beach", "cousins", "waterslide", "sun", "summer"]}, "love_tenderness": {"cues": []}, "magic_fantasy": {"cues": []}, "action_adventure": {"cues": ["waterslide", "beach", "cousins"]}, "fight_combat": {"cues": []}, "speed_racing": {"cues": []}, "horror_monsters": {"cues": []}, "arts_crafts": {"cues": ["Play-Doh", "make", "sun", "smile"]}}, "exclude_from_vector_store": ["placeholder"]}