{"current_id": "rj0shFskFBA", "current_transcript": "Aqua Pizza Lux Craft Backpack Discover the new Deluxe Craft Backpack. Open to discover the colorful possibilities. There's so many beads. And look at the shiny ones. Choose a template. Let's create. Place the beads, spray with water, flip the tray, and they stay. Use them to decorate your backpack. Mix and match the creations to make your backpack unique. They can even go on the straps. Are you ready to explore your creativity? Aqua Pizza Lux Craft Backpack", "collected_cues": {"domesticity_nurturing": {"cues": []}, "fashion_beauty": {"cues": ["beads", "shiny", "backpack", "decorate", "straps"]}, "nature_animals": {"cues": []}, "love_tenderness": {"cues": []}, "magic_fantasy": {"cues": []}, "action_adventure": {"cues": []}, "fight_combat": {"cues": []}, "speed_racing": {"cues": []}, "horror_monsters": {"cues": []}, "arts_crafts": {"cues": ["create", "beads", "template", "spray with water", "flip the tray", "they stay", "decorate your backpack", "mix and match the creations", "explore your creativity"]}}, "exclude_from_vector_store": ["placeholder"]}