{"current_id": "RLSsn8mV3Gw", "current_transcript": "So what do you get in the box of the laser trap alarm? Well, you get the two beam transmitters and you also get the beam receiver which triggers the alarm. It's perfect for protecting all of your special stuff. All you have to do is line up the beams, press the button, wait for it to beep. Let's see what happens when Fab comes back into the room and tries to log on. Now that is the coolest thing ever. It really is.", "collected_cues": {"domesticity_nurturing": {"cues": []}, "fashion_beauty": {"cues": []}, "nature_animals": {"cues": []}, "love_tenderness": {"cues": []}, "magic_fantasy": {"cues": []}, "action_adventure": {"cues": []}, "fight_combat": {"cues": []}, "speed_racing": {"cues": []}, "horror_monsters": {"cues": []}, "arts_crafts": {"cues": []}}, "exclude_from_vector_store": ["placeholder"], "target_class": "Boys/men"}