{"current_id": "rSQBK6BDXvM", "current_transcript": "One team, one mission, one voice to follow. Press your buttons now. Work together. Hacker, get the laptop. Use the right tools. Use the drill. To open the vault. Trade the drill for the map. You have broken into the vault and won. Well done. Bank Attack. Will you get the 50 million?", "collected_cues": {"domesticity_nurturing": {"cues": []}, "fashion_beauty": {"cues": []}, "nature_animals": {"cues": []}, "love_tenderness": {"cues": []}, "magic_fantasy": {"cues": []}, "action_adventure": {"cues": ["one team", "one mission", "press your buttons now", "work together", "Hacker", "use the right tools", "use the drill", "open the vault", "trade the drill for the map", "broken into the vault", "Will you get the 50 million"]}, "fight_combat": {"cues": []}, "speed_racing": {"cues": []}, "horror_monsters": {"cues": []}, "arts_crafts": {"cues": []}}, "exclude_from_vector_store": ["placeholder"]}