{"current_id": "rta4JPZfcAk", "current_transcript": "See what happens in the Barbie Ultimate Closet. Make fashion news for pairs of shoes. For purses. Tell me which dress looks the best. All three. There's room for more fashionistas. Know what a closet's for. The Barbie Ultimate Closet. Wow! The Barbie Ultimate Closet.", "collected_cues": {"domesticity_nurturing": {"cues": []}, "fashion_beauty": {"cues": ["pairs of shoes", "purses", "fashionistas", "closet"]}, "nature_animals": {"cues": []}, "love_tenderness": {"cues": []}, "magic_fantasy": {"cues": []}, "action_adventure": {"cues": []}, "fight_combat": {"cues": []}, "speed_racing": {"cues": []}, "horror_monsters": {"cues": []}, "arts_crafts": {"cues": []}}, "exclude_from_vector_store": ["placeholder"]}