{"current_id": "RTZZ4OzxAsE", "current_transcript": "Introducing Whoopie Doo! Answer as many questions as you can before you let out a toot! Pizza toppings, pepperoni... Things you find at the seaside... It's mind-bendingly... Nose-twitchingly... Toot-tastic! Whoopie Doo! It's a hoot-de-toot from Ideal!", "collected_cues": {"domesticity_nurturing": {"cues": []}, "fashion_beauty": {"cues": []}, "nature_animals": {"cues": []}, "love_tenderness": {"cues": []}, "magic_fantasy": {"cues": []}, "action_adventure": {"cues": []}, "fight_combat": {"cues": []}, "speed_racing": {"cues": []}, "horror_monsters": {"cues": []}, "arts_crafts": {"cues": []}}, "exclude_from_vector_store": ["placeholder"]}