{"current_id": "RUVuipEnykc", "current_transcript": "Meet the spooktacular children of legendary monsters! Draculaura Frankie Stein Claudian Wolf Cleodon Isles and Laguna Blue In our hallways, everyone belongs Be yourself, be unique, be a monster Monster High, available now at Smiths.co.uk", "collected_cues": {"domesticity_nurturing": {"cues": []}, "fashion_beauty": {"cues": []}, "nature_animals": {"cues": []}, "love_tenderness": {"cues": []}, "magic_fantasy": {"cues": []}, "action_adventure": {"cues": []}, "fight_combat": {"cues": []}, "speed_racing": {"cues": []}, "horror_monsters": {"cues": ["spooktacular", "Draculaura", "Frankie Stein", "Claudian Wolf", "Cleodon Isles", "Laguna Blue"]}, "arts_crafts": {"cues": []}}, "exclude_from_vector_store": ["placeholder"]}