{"current_id": "Rwv87mWbVng", "current_transcript": "Come on, let's go. This here is a starter brick. Hey, Junior, a little help here, please? He's just four years old. He'll never make it. Da-da-da-da-da-da. Whoo! Whoa! Oh! Oh! Juniors! And parents, search for LEGO Junior.", "collected_cues": {"domesticity_nurturing": {"cues": ["Junior", "help", "four years old"]}, "fashion_beauty": {"cues": []}, "nature_animals": {"cues": []}, "love_tenderness": {"cues": []}, "magic_fantasy": {"cues": []}, "action_adventure": {"cues": []}, "fight_combat": {"cues": []}, "speed_racing": {"cues": []}, "horror_monsters": {"cues": []}, "arts_crafts": {"cues": []}}, "exclude_from_vector_store": ["placeholder"]}