{"current_id": "ryM-1aSTxjI", "current_transcript": "Get ready for airborne action with Thomas Trackmaster Sky High Bridge Jump! Help Harold airlift Thomas to the top, then race him down the ramp and... Oh no! The bridge is up! He made it! Sky High Bridge Jump is over 8 feet long and Thomas jumps over 2 feet!", "collected_cues": {"domesticity_nurturing": {"cues": []}, "fashion_beauty": {"cues": []}, "nature_animals": {"cues": []}, "love_tenderness": {"cues": []}, "magic_fantasy": {"cues": []}, "action_adventure": {"cues": ["airborne", "airlift", "bridge", "race", "jump"]}, "fight_combat": {"cues": []}, "speed_racing": {"cues": ["airborne", "race", "ramp"]}, "horror_monsters": {"cues": []}, "arts_crafts": {"cues": []}}, "exclude_from_vector_store": ["placeholder"]}