{"current_id": "rYvmaknHcDA", "current_transcript": "It's Chocolate Lolli Maker! Melt some chocolate, pick a lolly shape, add sticks and melted chocolate, choose a secret message, stamp it! Twist and wrap in shiny foil, for you and your friends! The amazing...", "collected_cues": {"domesticity_nurturing": {"cues": []}, "fashion_beauty": {"cues": ["shiny", "foil"]}, "nature_animals": {"cues": []}, "love_tenderness": {"cues": []}, "magic_fantasy": {"cues": ["Melt some chocolate", "pick a lolly shape", "add sticks and melted chocolate", "choose a secret message", "stamp it!", "Twist and wrap in shiny foil"]}, "action_adventure": {"cues": []}, "fight_combat": {"cues": []}, "speed_racing": {"cues": []}, "horror_monsters": {"cues": []}, "arts_crafts": {"cues": ["melt", "shape", "sticks", "message", "stamp", "foil"]}}, "exclude_from_vector_store": ["placeholder"]}