{"current_id": "S-YtQ6M3biI", "current_transcript": "I love Flipsies! Oh baby please, flip and twirl, baby girl! I love my flip, Flipsie girls! It's Flipsie girls! The babies that flip for you! They're the two in one toys that flip into bundles of joy! You'll flip for Flipsie girls! Flipsie girls!", "collected_cues": {"domesticity_nurturing": {"cues": ["baby", "girl"]}, "fashion_beauty": {"cues": ["flip", "twirl", "baby girl"]}, "nature_animals": {"cues": []}, "love_tenderness": {"cues": ["love", "baby", "flip", "twirl", "girl", "flip", "bundles of joy"]}, "magic_fantasy": {"cues": []}, "action_adventure": {"cues": []}, "fight_combat": {"cues": []}, "speed_racing": {"cues": []}, "horror_monsters": {"cues": []}, "arts_crafts": {"cues": []}}, "exclude_from_vector_store": ["placeholder"]}