{"current_id": "sH5aH916f8g", "current_transcript": "An amazing discovery. Cracking eggs. Jurassic friends. Beware. These eggs contain very rowdy dinosaurs. Lava flow eggs. They're ready to rumble. They roar and quake. The coolest and funniest dinos to collect. Z-Rex, Super Ceratops, and Pterodactyl. It's dino fun time with new cracking eggs.", "collected_cues": {"domesticity_nurturing": {"cues": []}, "fashion_beauty": {"cues": []}, "nature_animals": {"cues": ["cracking eggs", "dinosaurs", "Jurassic", "roar", "quake"]}, "love_tenderness": {"cues": []}, "magic_fantasy": {"cues": []}, "action_adventure": {"cues": ["roar", "quake", "ready to rumble"]}, "fight_combat": {"cues": []}, "speed_racing": {"cues": []}, "horror_monsters": {"cues": ["Beware", "rowdy dinosaurs", "Lava flow", "roar", "quake"]}, "arts_crafts": {"cues": []}}, "exclude_from_vector_store": ["placeholder"]}