{"current_id": "SJeeFXqcgiw", "current_transcript": "Baby born, bathtub surprise So many magic surprises Open her eyes Bat blue! Bathtub surprise Wet her hair Color change too Give her a bottle Look inside Bathtub surprise Baby born surprise, bathtub surprise With 20 surprises and bathtub", "collected_cues": {"domesticity_nurturing": {"cues": ["Baby born", "bathtub", "surprise", "eyes", "hair", "bottle"]}, "fashion_beauty": {"cues": ["hair", "color change"]}, "nature_animals": {"cues": []}, "love_tenderness": {"cues": []}, "magic_fantasy": {"cues": ["magic", "surprises", "color change"]}, "action_adventure": {"cues": []}, "fight_combat": {"cues": []}, "speed_racing": {"cues": []}, "horror_monsters": {"cues": []}, "arts_crafts": {"cues": ["color change", "color", "surprise"]}}, "exclude_from_vector_store": ["placeholder"], "target_class": "Girls/women"}