{"current_id": "SqGGsq6w4PU", "current_transcript": "Sylvania Families Town Welcome to my room! Hello! Hi! Hello! With an elegant interior decoration and my favorite sofa! Nice! How do you like my dress? Lovely! Designer Studio You can decorate your room with it!", "collected_cues": {"domesticity_nurturing": {"cues": []}, "fashion_beauty": {"cues": ["dress", "lovely", "elegant"]}, "nature_animals": {"cues": []}, "love_tenderness": {"cues": ["Hello!", "Hi!", "How do you like my dress?", "Lovely!"]}, "magic_fantasy": {"cues": []}, "action_adventure": {"cues": []}, "fight_combat": {"cues": []}, "speed_racing": {"cues": []}, "horror_monsters": {"cues": []}, "arts_crafts": {"cues": ["decorate", "elegant interior decoration"]}}, "exclude_from_vector_store": ["placeholder"], "target_class": "Girls/women"}