{"current_id": "SQmTK5e4iU4", "current_transcript": "Discover your fortune with Crystal Gaze. Hold to sense your aura and be amazed. Ooh, pink and blue. That's Sparkle Quartz, the crystal of friendship. Display on the base or wear as a necklace. Now switch to truth-telling mode. Will Gemma be allowed to sleep over tonight? It's green, yes! Crystal Gaze delivers fortunes, endless truths, and shines bright. And has an aura light mode to illuminate your night. Crystal Gaze, only at Smith's Toys.", "collected_cues": {"domesticity_nurturing": {"cues": []}, "fashion_beauty": {"cues": ["sparkle", "wear"]}, "nature_animals": {"cues": []}, "love_tenderness": {"cues": []}, "magic_fantasy": {"cues": ["fortune", "sense your aura", "amazed", "Sparkle Quartz", "crystal of friendship", "truth-telling mode"]}, "action_adventure": {"cues": []}, "fight_combat": {"cues": []}, "speed_racing": {"cues": []}, "horror_monsters": {"cues": []}, "arts_crafts": {"cues": []}}, "exclude_from_vector_store": ["placeholder"]}