{"current_id": "sV7BM9CINEE", "current_transcript": "Blue, blue bees, blue, blue, blue bees, blue bees They are now mermaids Blue bees, and they come with a sea friend Look at their tails, colours change in water They make bubbles and also squirt water It's bath time with blue bees, divers and mermaids", "collected_cues": {"domesticity_nurturing": {"cues": ["bath time"]}, "fashion_beauty": {"cues": ["tails", "colours"]}, "nature_animals": {"cues": ["bees", "tails", "water", "bath"]}, "love_tenderness": {"cues": []}, "magic_fantasy": {"cues": ["mermaids", "sea friend", "tails", "colours change in water", "squirt water", "bath time"]}, "action_adventure": {"cues": ["squirt water", "bath time", "divers", "mermaids"]}, "fight_combat": {"cues": []}, "speed_racing": {"cues": []}, "horror_monsters": {"cues": []}, "arts_crafts": {"cues": []}}, "exclude_from_vector_store": ["placeholder"], "target_class": "Girls/women"}