{"current_id": "T11M1cc0gHo", "current_transcript": "Mini brings plenty of surprises with the Mini Pet Tour Van. Wow, it's Mini! Hold on, keep spinning! Make a splash! That was great! The Mini Pet Tour Van.", "collected_cues": {"domesticity_nurturing": {"cues": []}, "fashion_beauty": {"cues": []}, "nature_animals": {"cues": ["pet", "splash"]}, "love_tenderness": {"cues": []}, "magic_fantasy": {"cues": []}, "action_adventure": {"cues": []}, "fight_combat": {"cues": []}, "speed_racing": {"cues": ["Hold on", "keep spinning"]}, "horror_monsters": {"cues": []}, "arts_crafts": {"cues": []}}, "exclude_from_vector_store": ["placeholder"], "target_class": "Mixed"}