{"current_id": "t3iur3-1n18", "current_transcript": "It's time to have some fun and release your inner artist with Cree Art. Create your masterpiece number by number. Painting by numbers has never been so much fun or so easy. The perfect pastime, gift or room decoration. Get creative with Cree Art from Ravensburg.", "collected_cues": {"domesticity_nurturing": {"cues": []}, "fashion_beauty": {"cues": []}, "nature_animals": {"cues": []}, "love_tenderness": {"cues": []}, "magic_fantasy": {"cues": []}, "action_adventure": {"cues": []}, "fight_combat": {"cues": []}, "speed_racing": {"cues": []}, "horror_monsters": {"cues": []}, "arts_crafts": {"cues": ["create", "masterpiece", "painting", "fun", "easy", "creative"]}}, "exclude_from_vector_store": ["placeholder"]}