{"current_id": "T7gAGX7KcmU", "current_transcript": "Bring the playground home with this Appa 2 3 unit swing set. With 2 swings and a seesaw there's room for 4 children to play. Kids can jump for joy in the Happy Hop Castle Bouncer with Slide. Hours of bouncing fun! Take it to new heights in this Thorpe Sports 10 foot trampoline and enclosure. Double the waves, double the fun with the 10-foot wavy slide. Splash the day away with the Step 2 Archway Falls Water Table.", "collected_cues": {"domesticity_nurturing": {"cues": []}, "fashion_beauty": {"cues": []}, "nature_animals": {"cues": []}, "love_tenderness": {"cues": []}, "magic_fantasy": {"cues": []}, "action_adventure": {"cues": ["jump", "bounce", "slide", "trampoline", "enclosure", "water table"]}, "fight_combat": {"cues": []}, "speed_racing": {"cues": []}, "horror_monsters": {"cues": []}, "arts_crafts": {"cues": []}}, "exclude_from_vector_store": ["placeholder"]}