{"current_id": "tGHz7ono5S8", "current_transcript": "It's Mukbang the game! Press the randomizer burger button, which Mukbang sound will you land on? Hmm, sounds like noodles! Quick, track down the chow mein! Keep the cards you match, and remember the ones you don't! Can you remember where the cards are? Yum! But beware the belch! Time to shuffle! Seven different sound categories. Seven cards to win the game. Fun for the whole family. It's Mukbang, the game.", "collected_cues": {"domesticity_nurturing": {"cues": []}, "fashion_beauty": {"cues": []}, "nature_animals": {"cues": []}, "love_tenderness": {"cues": []}, "magic_fantasy": {"cues": []}, "action_adventure": {"cues": ["track down", "quick", "beware"]}, "fight_combat": {"cues": []}, "speed_racing": {"cues": []}, "horror_monsters": {"cues": []}, "arts_crafts": {"cues": []}}, "exclude_from_vector_store": ["placeholder"]}