{"current_id": "tRmvfAk3yVw", "current_transcript": "Roblox! Ascend to the highest levels of ninja mastery with the new Roblox Ninja Legends Deluxe playset as you train ninjutsu! Become more powerful with your pets! Redeem an exclusive virtual item to become the ultimate force ninjutsu! Roblox Ninja Legends Deluxe playset!", "collected_cues": {"domesticity_nurturing": {"cues": []}, "fashion_beauty": {"cues": []}, "nature_animals": {"cues": []}, "love_tenderness": {"cues": []}, "magic_fantasy": {"cues": []}, "action_adventure": {"cues": ["ninjutsu", "mastery", "train", "power", "ultimate force"]}, "fight_combat": {"cues": ["ninja", "ninjutsu"]}, "speed_racing": {"cues": []}, "horror_monsters": {"cues": []}, "arts_crafts": {"cues": []}}, "exclude_from_vector_store": ["placeholder"], "target_class": "Boys/men"}