{"current_id": "tTsJqFi3uKM", "current_transcript": "Pop It! Pop a pop pop it! Introducing Pop It! You can create super detailed mini designs with soft and light pop clay. Just mould it, pop it, create it and decorate it. Make detailed cupcakes, pop puppies, pop handbags and more. Then personalise and stylise your mini sized creations. Pop It! From Carrot.", "collected_cues": {"domesticity_nurturing": {"cues": ["cupcakes", "puppies"]}, "fashion_beauty": {"cues": ["handbags"]}, "nature_animals": {"cues": []}, "love_tenderness": {"cues": []}, "magic_fantasy": {"cues": []}, "action_adventure": {"cues": []}, "fight_combat": {"cues": []}, "speed_racing": {"cues": []}, "horror_monsters": {"cues": []}, "arts_crafts": {"cues": ["create", "decorate", "mould", "pop", "personalise", "stylise"]}}, "exclude_from_vector_store": ["placeholder"]}