{"current_id": "TuQW_IteFIk", "current_transcript": "Only the Hulk can withstand this power! Hulk smash! Your time is over, Thanos. Hulk's my name. Smashing is my game. Marvel Avengers Power Punch Hulk, Power Punch Thanos.", "collected_cues": {"domesticity_nurturing": {"cues": []}, "fashion_beauty": {"cues": []}, "nature_animals": {"cues": []}, "love_tenderness": {"cues": []}, "magic_fantasy": {"cues": []}, "action_adventure": {"cues": ["Hulk", "smash", "Thanos"]}, "fight_combat": {"cues": ["Hulk smash!", "Your time is over, Thanos", "Hulk's my name", "Smashing is my game"]}, "speed_racing": {"cues": []}, "horror_monsters": {"cues": []}, "arts_crafts": {"cues": []}}, "exclude_from_vector_store": ["placeholder"]}