{"current_id": "ucwqMWBrugc", "current_transcript": "It's a busy day in the Deluxe Fire Station playset! Climb the ladder to the control room and push Jupiter through the sliding doors! Quick! There's a fire in Pontypandy! Let's go to the rescue! Sound the alarm! Slide down the fireman's pole! Spin Jupiter on the turn-", "collected_cues": {"domesticity_nurturing": {"cues": []}, "fashion_beauty": {"cues": []}, "nature_animals": {"cues": []}, "love_tenderness": {"cues": []}, "magic_fantasy": {"cues": []}, "action_adventure": {"cues": ["fire", "rescue", "alarm", "fireman's pole"]}, "fight_combat": {"cues": ["fire", "rescue", "alarm", "fireman's pole"]}, "speed_racing": {"cues": []}, "horror_monsters": {"cues": []}, "arts_crafts": {"cues": []}}, "exclude_from_vector_store": ["placeholder"]}