{"current_id": "uD-78wbYDNk", "current_transcript": "Stink bombs! Join the loudest, stinkiest farty in town! With 10 fart-tastic characters to collect! Prepare to be blown away! Join the farty with stink bombs! Can you unleash them all?", "collected_cues": {"domesticity_nurturing": {"cues": []}, "fashion_beauty": {"cues": []}, "nature_animals": {"cues": []}, "love_tenderness": {"cues": []}, "magic_fantasy": {"cues": []}, "action_adventure": {"cues": []}, "fight_combat": {"cues": []}, "speed_racing": {"cues": []}, "horror_monsters": {"cues": []}, "arts_crafts": {"cues": []}}, "exclude_from_vector_store": ["placeholder"], "target_class": "Mixed"}