{"current_id": "ummwSwUsERE", "current_transcript": "Take your seats and the show will begin. It's Peppa's Stage Playset! With fun sounds, six backgrounds and lots of props. Create your own Peppa Pig production. Drop in a tablet, it's cinema time. Peppa's Stage Playset, from Character.", "collected_cues": {"domesticity_nurturing": {"cues": []}, "fashion_beauty": {"cues": []}, "nature_animals": {"cues": []}, "love_tenderness": {"cues": []}, "magic_fantasy": {"cues": []}, "action_adventure": {"cues": []}, "fight_combat": {"cues": []}, "speed_racing": {"cues": []}, "horror_monsters": {"cues": []}, "arts_crafts": {"cues": ["create", "props"]}}, "exclude_from_vector_store": ["placeholder"], "target_class": "Mixed"}