{"current_id": "UqxAp8JHEMg", "current_transcript": "Time to get creative with the Peppa Pig Paint Up Plaster Figure Set! With eight different paints, a palette and a brush, and four plaster figures! You can paint up Peppa and her family! Add paint to your palettes, mix colours and get arty with your figures! Peppa Pig Paint Up Plaster Figures from Canada!", "collected_cues": {"domesticity_nurturing": {"cues": []}, "fashion_beauty": {"cues": []}, "nature_animals": {"cues": []}, "love_tenderness": {"cues": []}, "magic_fantasy": {"cues": []}, "action_adventure": {"cues": []}, "fight_combat": {"cues": []}, "speed_racing": {"cues": []}, "horror_monsters": {"cues": []}, "arts_crafts": {"cues": ["paint", "paints", "palette", "brush", "paint up", "get arty"]}}, "exclude_from_vector_store": ["placeholder"]}