{"current_id": "uqZqxdSaFg0", "current_transcript": "We are the angels! Classes in session at the school where fashion flies! With color changing hair, curls everywhere, and tons of surprises to up your style! Wing check! How about some golden wings that are rare? There are six fashionista angels to collect! Angel high!", "collected_cues": {"domesticity_nurturing": {"cues": []}, "fashion_beauty": {"cues": ["color changing hair", "curls everywhere", "fashionista", "golden wings", "rare", "style"]}, "nature_animals": {"cues": []}, "love_tenderness": {"cues": []}, "magic_fantasy": {"cues": ["wings", "rare", "surprises"]}, "action_adventure": {"cues": []}, "fight_combat": {"cues": []}, "speed_racing": {"cues": []}, "horror_monsters": {"cues": []}, "arts_crafts": {"cues": ["color", "wings", "fashion"]}}, "exclude_from_vector_store": ["placeholder"]}