{"current_id": "UWO60Ske1bQ", "current_transcript": "Blingle Bands Friendship bands that shine Dip, dot, bling You're very undesigned Our Blingle Packs Have everything So take a band And dip, dot, bling Blingle Bands Blingle Bands We can create and wear Blingle Bands So much fun to share You can create gem friendship bands on the go with Blingle Bands. Each sold separately. Sparkle together.", "collected_cues": {"domesticity_nurturing": {"cues": []}, "fashion_beauty": {"cues": ["bling", "bands", "sparkle", "wear"]}, "nature_animals": {"cues": []}, "love_tenderness": {"cues": []}, "magic_fantasy": {"cues": []}, "action_adventure": {"cues": []}, "fight_combat": {"cues": []}, "speed_racing": {"cues": []}, "horror_monsters": {"cues": []}, "arts_crafts": {"cues": ["create", "wear", "gem", "friendship bands"]}}, "exclude_from_vector_store": ["placeholder"]}