{"current_id": "uWxSVKICe6E", "current_transcript": "Ready for new sensory experiences? Mold. Cut. Crush. So ASMR. So satisfying. So Sam DIY.", "collected_cues": {"domesticity_nurturing": {"cues": []}, "fashion_beauty": {"cues": []}, "nature_animals": {"cues": []}, "love_tenderness": {"cues": []}, "magic_fantasy": {"cues": []}, "action_adventure": {"cues": []}, "fight_combat": {"cues": []}, "speed_racing": {"cues": []}, "horror_monsters": {"cues": []}, "arts_crafts": {"cues": ["Mold", "Cut", "Crush", "DIY"]}}, "exclude_from_vector_store": ["placeholder"]}