{"current_id": "uXfSKjYRk5Q", "current_transcript": "This is the 18-in-1 Spyrecon watch. It's got features like a decoder, a secret message paper, LED spotlight, a stopwatch, a motion alarm, and message drop capsules. It's just the coolest one I've ever owned. I'm definitely going to wear it out.", "collected_cues": {"domesticity_nurturing": {"cues": []}, "fashion_beauty": {"cues": []}, "nature_animals": {"cues": []}, "love_tenderness": {"cues": []}, "magic_fantasy": {"cues": []}, "action_adventure": {"cues": ["spy"]}, "fight_combat": {"cues": []}, "speed_racing": {"cues": []}, "horror_monsters": {"cues": []}, "arts_crafts": {"cues": []}}, "exclude_from_vector_store": ["placeholder"], "target_class": "Boys/men"}