{"current_id": "v47ShHsVQqA", "current_transcript": "It's Robot Ready Talking Jet with motion activated lights and sound. Face! Come in! Here comes Jet! Yahoo! I'm in the mood for altitude! Open my leg panel to upgrade my booster! Okay! Package delivered! Robot Ready Talking Jet.", "collected_cues": {"domesticity_nurturing": {"cues": []}, "fashion_beauty": {"cues": []}, "nature_animals": {"cues": []}, "love_tenderness": {"cues": []}, "magic_fantasy": {"cues": []}, "action_adventure": {"cues": ["altitude", "booster", "delivered", "jet", "motion activated", "sound"]}, "fight_combat": {"cues": []}, "speed_racing": {"cues": ["altitude", "booster"]}, "horror_monsters": {"cues": []}, "arts_crafts": {"cues": []}}, "exclude_from_vector_store": ["placeholder"]}