{"current_id": "VsqMmh6yhLk", "current_transcript": "Puppy in my pocket, teeny tiny fuzzy pups Itty bitty, soft and pretty, let's collect them all up I can put them in my pockets, any place I can think of Wear and share, everywhere Pinesize puppy love, so soft So soft Just feel Just feel Puppy in my pocket, so real So real So sweet So sweet My pets My pets", "collected_cues": {"domesticity_nurturing": {"cues": []}, "fashion_beauty": {"cues": ["soft", "pretty", "pockets", "wear", "share"]}, "nature_animals": {"cues": ["puppy", "pups", "pockets", "pets"]}, "love_tenderness": {"cues": ["puppy", "soft", "puppy love", "soft", "real", "sweet", "pets"]}, "magic_fantasy": {"cues": []}, "action_adventure": {"cues": []}, "fight_combat": {"cues": []}, "speed_racing": {"cues": []}, "horror_monsters": {"cues": []}, "arts_crafts": {"cues": []}}, "exclude_from_vector_store": ["placeholder"], "target_class": "Girls/women"}