{"current_id": "vt_2dTfNv6A", "current_transcript": "Welcome to the World of Warcraft Episode 1 The Warcraft Episode 1 The Warcraft Episode 1 The Warcraft Episode 1 The Warcraft Episode 1 The Warcraft Episode 1 The Warcraft Episode 1 The Warcraft Episode 1 The Warcraft Episode 1 The Warcraft Episode 1 The Warcraft Episode 1 The Warcraft Episode 1 The Warcraft Episode 1 The Warcraft Episode 1 you Thanks for watching!", "collected_cues": {"domesticity_nurturing": {"cues": []}, "fashion_beauty": {"cues": []}, "nature_animals": {"cues": []}, "love_tenderness": {"cues": []}, "magic_fantasy": {"cues": []}, "action_adventure": {"cues": []}, "fight_combat": {"cues": []}, "speed_racing": {"cues": []}, "horror_monsters": {"cues": []}, "arts_crafts": {"cues": []}}, "exclude_from_vector_store": ["placeholder"], "target_class": "Mixed"}