{"current_id": "VzdqpFidKmI", "current_transcript": "When do you make Play-Doh poop? When I wake up. When I'm outside. With friends! With the new Play-Doh Poop Troop playset, you can squeeze, swirl, and style more than 50 hilarious poop characters!", "collected_cues": {"domesticity_nurturing": {"cues": []}, "fashion_beauty": {"cues": ["style"]}, "nature_animals": {"cues": ["poop", "poop characters"]}, "love_tenderness": {"cues": ["With friends"]}, "magic_fantasy": {"cues": ["poop", "poop troop"]}, "action_adventure": {"cues": []}, "fight_combat": {"cues": []}, "speed_racing": {"cues": []}, "horror_monsters": {"cues": []}, "arts_crafts": {"cues": ["squeez", "swirl", "style"]}}, "exclude_from_vector_store": ["placeholder"], "target_class": "Mixed"}