{"current_id": "WPJwmZuhV9c", "current_transcript": "Keep your secrets locked away with a new VTech Secret Safe Diary. Now with full keyboard. Unlock it with your voice. Write a diary. Keep track of your friends. Play games. Look after your virtual pet. And plug in your MP3.", "collected_cues": {"domesticity_nurturing": {"cues": []}, "fashion_beauty": {"cues": []}, "nature_animals": {"cues": []}, "love_tenderness": {"cues": []}, "magic_fantasy": {"cues": []}, "action_adventure": {"cues": []}, "fight_combat": {"cues": []}, "speed_racing": {"cues": []}, "horror_monsters": {"cues": []}, "arts_crafts": {"cues": []}}, "exclude_from_vector_store": ["placeholder"]}