{"current_id": "WQrpTKd_sd8", "current_transcript": "RockCrawler 3XL by MaistoTech. Real rock crawling action. Crawl over the roughest terrain. Large soft rubber tires. Four wheel drive. With front and rear working suspension. Detailed roof rack with off road accessories. RockCrawler 3XL. RockCrawler 3XL comes ready to run. All batteries included. RockCrawler 3XL.", "collected_cues": {"domesticity_nurturing": {"cues": []}, "fashion_beauty": {"cues": []}, "nature_animals": {"cues": []}, "love_tenderness": {"cues": []}, "magic_fantasy": {"cues": []}, "action_adventure": {"cues": ["rock crawling", "crawl", "roughest terrain", "four wheel drive", "working suspension"]}, "fight_combat": {"cues": []}, "speed_racing": {"cues": ["rock crawling", "large soft rubber tires", "four wheel drive", "front and rear working suspension"]}, "horror_monsters": {"cues": []}, "arts_crafts": {"cues": []}}, "exclude_from_vector_store": ["placeholder"]}