{"current_id": "wSv3jLR2cKs", "current_transcript": "This is Mecha Spider. Mom! It's basically awesomeness on legs. Mecha Spider. Batteries not included. You can learn more at Mechano.com slash Mecha Spider. Ask a parent before going online.", "collected_cues": {"domesticity_nurturing": {"cues": []}, "fashion_beauty": {"cues": []}, "nature_animals": {"cues": []}, "love_tenderness": {"cues": []}, "magic_fantasy": {"cues": []}, "action_adventure": {"cues": []}, "fight_combat": {"cues": []}, "speed_racing": {"cues": []}, "horror_monsters": {"cues": []}, "arts_crafts": {"cues": []}}, "exclude_from_vector_store": ["placeholder"], "target_class": "Boys/men"}