{"current_id": "wsZSiOBxn-I", "current_transcript": "Barbie Chelsea can be pet vet. Look, a healthy pup. Let me check your ears. Sweet, sweet, perfect fit. Here, kitty, kitty. Meow. Don't be shy. Snuggles are the best medicine. Barbie Chelsea can be pet vet. With Barbie, you can be a pet vet.", "collected_cues": {"domesticity_nurturing": {"cues": ["healthy pup", "check your ears", "snuggles are the best medicine"]}, "fashion_beauty": {"cues": []}, "nature_animals": {"cues": ["healthy pup", "kitty", "meow", "snuggles"]}, "love_tenderness": {"cues": ["sweet", "perfect fit", "kitty", "snuggles", "medicine"]}, "magic_fantasy": {"cues": []}, "action_adventure": {"cues": []}, "fight_combat": {"cues": []}, "speed_racing": {"cues": []}, "horror_monsters": {"cues": []}, "arts_crafts": {"cues": []}}, "exclude_from_vector_store": ["placeholder"], "target_class": "Girls/women"}