{"current_id": "wTULuVwFzMY", "current_transcript": "Popular I know about popular And with an assist from me To be who you'll be Instead of dreaming who you were R There's nothing that can stop you From becoming popular Lar La la la la la We're gonna make you popular", "collected_cues": {"domesticity_nurturing": {"cues": []}, "fashion_beauty": {"cues": []}, "nature_animals": {"cues": []}, "love_tenderness": {"cues": []}, "magic_fantasy": {"cues": []}, "action_adventure": {"cues": []}, "fight_combat": {"cues": []}, "speed_racing": {"cues": []}, "horror_monsters": {"cues": []}, "arts_crafts": {"cues": []}}, "exclude_from_vector_store": ["placeholder"]}