{"current_id": "x1dA1FMrkRs", "current_transcript": "SmartSketcher 2.0 is here. Now it's even easier to be the smartest artist. Just select an image, trace the lines, step by step, add color, and ta-da! Your artwork comes to life. Play with your friends. You can draw anything you want. Use the free app to project your own pictures and turn them into SmartSketches. Get creative. Snap, edit, draw, color, and create a SmartSketch. You're always the smartest artist with SmartSketcher 2.0.", "collected_cues": {"domesticity_nurturing": {"cues": []}, "fashion_beauty": {"cues": []}, "nature_animals": {"cues": []}, "love_tenderness": {"cues": []}, "magic_fantasy": {"cues": []}, "action_adventure": {"cues": []}, "fight_combat": {"cues": []}, "speed_racing": {"cues": []}, "horror_monsters": {"cues": []}, "arts_crafts": {"cues": ["draw", "color", "create", "SmartSketch", "artist"]}}, "exclude_from_vector_store": ["placeholder"]}