{"current_id": "X_2N0NWD9BM", "current_transcript": "Ili Ili Ili A fashion fantasy Ili Ili Ili Got the Disney in me A world of dolls and outfits inspired by your Disney faves Ili girls love fashion And accessories There's so much to choose from Ili Ili Ili A fashion fantasy Ili Ili Ili Got the Disney in me", "collected_cues": {"domesticity_nurturing": {"cues": []}, "fashion_beauty": {"cues": ["fashion", "outfits", "fashion fantasy", "accessories", "girls love fashion"]}, "nature_animals": {"cues": []}, "love_tenderness": {"cues": []}, "magic_fantasy": {"cues": []}, "action_adventure": {"cues": []}, "fight_combat": {"cues": []}, "speed_racing": {"cues": []}, "horror_monsters": {"cues": []}, "arts_crafts": {"cues": []}}, "exclude_from_vector_store": ["placeholder"]}