{"current_id": "XhV4opdwYSo", "current_transcript": "Let's go on an adventure to meet Kion and his friends! Look! Over there in the Pride Land, there's Beshteam. Watch out! There are some hyenas about! But we have nothing to fear because we have the Lion Guard! Together they are the bravest, strongest, fastest and keenest of sight. Roar! Go on your own adventure with Disney's Lion Guard!", "collected_cues": {"domesticity_nurturing": {"cues": []}, "fashion_beauty": {"cues": []}, "nature_animals": {"cues": ["Pride Land", "hyenas", "Lion Guard"]}, "love_tenderness": {"cues": []}, "magic_fantasy": {"cues": []}, "action_adventure": {"cues": ["adventure", "Look!", "Watch out!", "hyenas", "fear", "bravest", "strongest", "fastest", "keenest", "Roar!"]}, "fight_combat": {"cues": []}, "speed_racing": {"cues": ["fastest"]}, "horror_monsters": {"cues": []}, "arts_crafts": {"cues": []}}, "exclude_from_vector_store": ["placeholder"], "target_class": "Mixed"}