{"current_id": "XQOpOeLvnc4", "current_transcript": "E to the E to the A to the R Club Chief Girls are who we are The party's here, we're going along Little B's mixing our favorite song Candy takes a selfie, cool pose for sure Violet, yeah, she's getting all too", "collected_cues": {"domesticity_nurturing": {"cues": []}, "fashion_beauty": {"cues": ["selfie", "pose"]}, "nature_animals": {"cues": []}, "love_tenderness": {"cues": []}, "magic_fantasy": {"cues": []}, "action_adventure": {"cues": []}, "fight_combat": {"cues": []}, "speed_racing": {"cues": []}, "horror_monsters": {"cues": []}, "arts_crafts": {"cues": []}}, "exclude_from_vector_store": ["placeholder"], "target_class": "Girls/women"}