{"current_id": "xuEguKZYhtQ", "current_transcript": "The new SpongeBob X-squeeze-me toys are here! Who did that? You can get SpongeBob X-squeeze-me toys from Alpha! Available now!", "collected_cues": {"domesticity_nurturing": {"cues": []}, "fashion_beauty": {"cues": []}, "nature_animals": {"cues": []}, "love_tenderness": {"cues": []}, "magic_fantasy": {"cues": []}, "action_adventure": {"cues": []}, "fight_combat": {"cues": []}, "speed_racing": {"cues": []}, "horror_monsters": {"cues": []}, "arts_crafts": {"cues": []}}, "exclude_from_vector_store": ["placeholder"], "target_class": "Mixed"}