{"current_id": "XxIWhsIynls", "current_transcript": "Crybabies! They live in patsy houses! Wow! Use a magic tear to open their houses! And turn the doorknob to discover many accessories! They have glittery pajamas! They drink from their magic baby bottle! And cry colored tears like in the show! Watch the episodes on YouTube! Cry Cry Crybabies!", "collected_cues": {"domesticity_nurturing": {"cues": ["patsy houses", "magic tear", "houses", "accessories", "glittery pajamas", "magic baby bottle", "colored tears"]}, "fashion_beauty": {"cues": ["glittery", "accessories", "pajamas"]}, "nature_animals": {"cues": []}, "love_tenderness": {"cues": []}, "magic_fantasy": {"cues": ["magic tear", "magic baby bottle", "colored tears"]}, "action_adventure": {"cues": []}, "fight_combat": {"cues": []}, "speed_racing": {"cues": []}, "horror_monsters": {"cues": []}, "arts_crafts": {"cues": []}}, "exclude_from_vector_store": ["placeholder"]}