{"current_id": "y5g-9HSLo14", "current_transcript": "There are three new Barbie Careers dolls. We went to meet the real life professionals to learn about their jobs. We had fun at the aquarium. Marine biology is all about studying life in the ocean. Learn to make cupcakes. I really love making customers happy with delicious cake. And went behind the scenes with a makeup artist. I get to meet so many people and help to transform them so they can look and feel different.", "collected_cues": {"domesticity_nurturing": {"cues": []}, "fashion_beauty": {"cues": ["makeup artist", "transform them so they can look and feel different"]}, "nature_animals": {"cues": ["aquarium", "marine biology", "ocean"]}, "love_tenderness": {"cues": []}, "magic_fantasy": {"cues": []}, "action_adventure": {"cues": []}, "fight_combat": {"cues": []}, "speed_racing": {"cues": []}, "horror_monsters": {"cues": []}, "arts_crafts": {"cues": ["Learn to make cupcakes", "I really love making customers happy with delicious cake"]}}, "exclude_from_vector_store": ["placeholder"]}