{"current_id": "yC6nqlrNpOk", "current_transcript": "Infinity Nardo, the challenge begins! Are you ready for an epic battle? Experience the power of the split series! Watch them spin as fast as lightning! Select and mount two Nardos together! Ready, load, launch! Customise your own Nardo to win! Spin, win, Infinity Nardo, infinite adventure!", "collected_cues": {"domesticity_nurturing": {"cues": []}, "fashion_beauty": {"cues": []}, "nature_animals": {"cues": []}, "love_tenderness": {"cues": []}, "magic_fantasy": {"cues": []}, "action_adventure": {"cues": ["epic battle", "split series", "spin as fast as lightning", "Ready, load, launch", "infinite adventure"]}, "fight_combat": {"cues": ["battle", "epic", "power", "split series", "load", "launch"]}, "speed_racing": {"cues": ["spin", "lightning", "load", "launch"]}, "horror_monsters": {"cues": []}, "arts_crafts": {"cues": []}}, "exclude_from_vector_store": ["placeholder"]}