{"current_id": "Yg2gfcmjeCM", "current_transcript": "With Nintendo Switch, you can enjoy FIFA 18 anytime with anyone. Or claim your turf as a team in Splatoon 2's 4 on 4 multiplayer mayhem. And put the pedal to the metal with Mario Kart 8 Deluxe's online multiplayer. Now you can play your favourite games wherever you like, only on Nintendo Switch.", "collected_cues": {"domesticity_nurturing": {"cues": []}, "fashion_beauty": {"cues": []}, "nature_animals": {"cues": []}, "love_tenderness": {"cues": []}, "magic_fantasy": {"cues": []}, "action_adventure": {"cues": ["claim your turf", "4 on 4 multiplayer mayhem", "put the pedal to the metal"]}, "fight_combat": {"cues": []}, "speed_racing": {"cues": ["put the pedal to the metal", "Mario Kart 8 Deluxe's online multiplayer"]}, "horror_monsters": {"cues": []}, "arts_crafts": {"cues": []}}, "exclude_from_vector_store": ["placeholder"], "target_class": "Mixed"}