{"current_id": "yK0yVt-fCl8", "current_transcript": "LOL Surprise OMG Queen On the throne LOL Surprise OMG Queen Runway diva, fashion queen Prison sounds her thing With 20 surprises Sway, stance, speed so fine Mystic fine, queen of design LOL Surprise OMG Queen LOL Surprise Queen 2 12 to collect Tiara for you LOL Surprise OMG Queens LOL Surprise OMG Queens And LOL Queens Eat", "collected_cues": {"domesticity_nurturing": {"cues": []}, "fashion_beauty": {"cues": ["Runway", "fashion", "queen", "design", "Tiara"]}, "nature_animals": {"cues": []}, "love_tenderness": {"cues": []}, "magic_fantasy": {"cues": ["mystic", "queen", "tiara"]}, "action_adventure": {"cues": []}, "fight_combat": {"cues": []}, "speed_racing": {"cues": []}, "horror_monsters": {"cues": []}, "arts_crafts": {"cues": []}}, "exclude_from_vector_store": ["placeholder"], "target_class": "Girls/women"}