{"current_id": "yQj0Y-YEyMM", "current_transcript": "Subtitles by SteamTeamExtra I'm Peppa Pig. This is my little brother George. This is Mummy Pig. And this is Daddy Pig.", "collected_cues": {"domesticity_nurturing": {"cues": ["little brother", "Mummy Pig", "Daddy Pig"]}, "fashion_beauty": {"cues": []}, "nature_animals": {"cues": []}, "love_tenderness": {"cues": []}, "magic_fantasy": {"cues": []}, "action_adventure": {"cues": []}, "fight_combat": {"cues": []}, "speed_racing": {"cues": []}, "horror_monsters": {"cues": []}, "arts_crafts": {"cues": []}}, "exclude_from_vector_store": ["placeholder"], "target_class": "Girls/women"}