{"current_id": "yQX269Xd87c", "current_transcript": "Treasure X Minecraft Dare you open the portal to... the end? Find the Ender Pearl button... to activate the portal. Mine through the crackle to discover the secrets and summon the ultimate adversary. Excavate Diamond Steam. Did you find the real gold-dipped Enderpearl treasure? 20 levels of epic adventure away. Treasure X Ender Dragon, each sold separately.", "collected_cues": {"domesticity_nurturing": {"cues": []}, "fashion_beauty": {"cues": []}, "nature_animals": {"cues": []}, "love_tenderness": {"cues": []}, "magic_fantasy": {"cues": ["portal", "Ender Pearl", "Ender Dragon"]}, "action_adventure": {"cues": ["mine", "crackle", "summon", "adventure", "Ender Dragon"]}, "fight_combat": {"cues": ["summon", "adversary"]}, "speed_racing": {"cues": []}, "horror_monsters": {"cues": ["portal", "crackle", "summon", "Ender Dragon", "ultimate adversary"]}, "arts_crafts": {"cues": []}}, "exclude_from_vector_store": ["placeholder"]}