{"current_id": "YTZNLK7ZQys", "current_transcript": "The train is arriving with the day's post. To the SDS centre. Then he's waiting with the parcels. First stop, Ted Glenn's garage. Ready to go, we've got a special delivery to Greendale. This is a job for the Special Delivery Service Helicopter. Hello, Mrs Goggins. Mission accomplished. The World of Postman Pack.", "collected_cues": {"domesticity_nurturing": {"cues": []}, "fashion_beauty": {"cues": []}, "nature_animals": {"cues": []}, "love_tenderness": {"cues": []}, "magic_fantasy": {"cues": []}, "action_adventure": {"cues": ["Special Delivery Service Helicopter", "Mission accomplished"]}, "fight_combat": {"cues": []}, "speed_racing": {"cues": ["train", "helicopter", "ready to go", "special delivery"]}, "horror_monsters": {"cues": []}, "arts_crafts": {"cues": []}}, "exclude_from_vector_store": ["placeholder"], "target_class": "Mixed"}