{"current_id": "Yyz2qqsGnLI", "current_transcript": "Hot Wheels Monster Trucks and Cars are teaming up to take out a giant Scorpion who's blocking the track on the Scorpion Sting Raceway. Go big, go Hot Wheels! Send in your Hot Wheels car to knock him off the track. So long, Scorpion, and hello trophy! Hot Wheels Monster Trucks Scorpion Sting Raceway comes with one Monster Truck and one car. Adults assemble. Fattery's not included. Other cars each sold separately.", "collected_cues": {"domesticity_nurturing": {"cues": []}, "fashion_beauty": {"cues": []}, "nature_animals": {"cues": []}, "love_tenderness": {"cues": []}, "magic_fantasy": {"cues": []}, "action_adventure": {"cues": ["Hot Wheels", "take out", "blocking the track", "knock him off the track", "So long, Scorpion, and hello trophy!"]}, "fight_combat": {"cues": ["take out", "blocking the track", "knock him off the track"]}, "speed_racing": {"cues": ["Hot Wheels", "track", "car", "sting"]}, "horror_monsters": {"cues": ["giant Scorpion", "blocking the track", "Scorpion Sting Raceway"]}, "arts_crafts": {"cues": []}}, "exclude_from_vector_store": ["placeholder"]}