{"current_id": "ztRLiX2PTwI", "current_transcript": "Glow Pad Draw and Glow Glow Pad Draw, Light and Show Glow Pad Use your imagination Light up your creations Light Show Bring your pictures to life Glow Pad from John Adams", "collected_cues": {"domesticity_nurturing": {"cues": []}, "fashion_beauty": {"cues": []}, "nature_animals": {"cues": []}, "love_tenderness": {"cues": []}, "magic_fantasy": {"cues": ["Glow Pad", "Draw and Glow", "Light and Show", "Use your imagination", "Light up your creations", "Light Show"]}, "action_adventure": {"cues": []}, "fight_combat": {"cues": []}, "speed_racing": {"cues": []}, "horror_monsters": {"cues": []}, "arts_crafts": {"cues": ["Draw", "Light up your creations", "Bring your pictures to life"]}}, "exclude_from_vector_store": ["placeholder"]}