{"current_id": "zYf-D99x4XU", "current_transcript": "New Hot Wheels AI. The future of racing is here. With cutting edge technology that helps you stay on track as you race against friends or the AI. Get the upper hand when you trigger virtual hazards. Oil spill! To take out the competition and go for the win. Player one. First place. Easily create over 40 track configurations! Hot Wheels, AI system, with two controllers, two cars and 20 track pieces, other cars with controllers each sold separately, batteries,", "collected_cues": {"domesticity_nurturing": {"cues": []}, "fashion_beauty": {"cues": []}, "nature_animals": {"cues": []}, "love_tenderness": {"cues": []}, "magic_fantasy": {"cues": []}, "action_adventure": {"cues": ["Oil spill!", "To take out the competition and go for the win"]}, "fight_combat": {"cues": ["Oil spill!", "To take out the competition"]}, "speed_racing": {"cues": ["racing", "track", "AI", "friends", "virtual hazards", "oil spill", "win"]}, "horror_monsters": {"cues": []}, "arts_crafts": {"cues": []}}, "exclude_from_vector_store": ["placeholder"], "target_class": "Boys/men"}